country,genre,song name,artist,rating,album_url,preview_url
antarctica,indie rock,how many people,nunatuk,6.5,,
argentina,indie rock,bichos,homogenica,7.0,https://cdn-images.dzcdn.net/images/cover/8a2531ad9ef62dff7d94a5970e235498/250x250-000000-80-0-0.jpg,"https://cdnt-preview.dzcdn.net/api/1/1/b/d/a/0/bdacc8f47df13dbfc085a666a5abe10d.mp3?hdnea=exp=1745959483~acl=/api/1/1/b/d/a/0/bdacc8f47df13dbfc085a666a5abe10d.mp3*~data=user_id=0,application_id=42~hmac=a531844b8281c7c213b33823da17a9afb721cd1ad6d7eefd5e83486ee2bea102"
argentina,indie rock,turista,homogenica,8.0,https://cdn-images.dzcdn.net/images/cover/3bcea1fe7b55a09387407d8e896bde4c/250x250-000000-80-0-0.jpg,"https://cdnt-preview.dzcdn.net/api/1/1/7/9/5/0/7955249d698eb90fcbdcfd69b4c2e176.mp3?hdnea=exp=1745959483~acl=/api/1/1/7/9/5/0/7955249d698eb90fcbdcfd69b4c2e176.mp3*~data=user_id=0,application_id=42~hmac=f16c6541f8ed9871b8c2097513dff3d4eabea55da37581e5c731e974c112a8a0"
argentina,indie rock,animales,homogenica,8.0,https://cdn-images.dzcdn.net/images/cover/8a2531ad9ef62dff7d94a5970e235498/250x250-000000-80-0-0.jpg,"https://cdnt-preview.dzcdn.net/api/1/1/8/6/c/0/86c77f19915e8a5ac1decac4ab82c179.mp3?hdnea=exp=1745959483~acl=/api/1/1/8/6/c/0/86c77f19915e8a5ac1decac4ab82c179.mp3*~data=user_id=0,application_id=42~hmac=f90c3e17e804d78c72d0fcf7e2664b7a68dfacd8bf88dceda1801a1818be06f2"
argentina,indie rock,ratas,homogenica,8.5,https://cdn-images.dzcdn.net/images/cover/8a2531ad9ef62dff7d94a5970e235498/250x250-000000-80-0-0.jpg,"https://cdnt-preview.dzcdn.net/api/1/1/e/6/5/0/e65f65d6f30e07f8d49e8960934fe797.mp3?hdnea=exp=1745959483~acl=/api/1/1/e/6/5/0/e65f65d6f30e07f8d49e8960934fe797.mp3*~data=user_id=0,application_id=42~hmac=01edba280de281f0dc2bad8041f7bf24cb558387f8b3d8fe2351876cd39a540c"
argentina,indie rock,somniferos,no te me enojes,7.5,https://cdn-images.dzcdn.net/images/cover/2c598760d3613856b12043c980ba8609/250x250-000000-80-0-0.jpg,"https://cdnt-preview.dzcdn.net/api/1/1/0/a/a/0/0aa81240dd9caf82dee3be5ff4382dae.mp3?hdnea=exp=1745959484~acl=/api/1/1/0/a/a/0/0aa81240dd9caf82dee3be5ff4382dae.mp3*~data=user_id=0,application_id=42~hmac=e8aa78e6bc5084b43b5b23233ea3834cb04c3c4a5f9b7791c616b6348b27d164"
argentina,indie rock,paraisos mentales,marchitorial,7.5,https://cdn-images.dzcdn.net/images/cover/9ca7145143647548903c21fa29f113a2/250x250-000000-80-0-0.jpg,"https://cdnt-preview.dzcdn.net/api/1/1/7/0/3/0/703b2110d6e65bfbc52a7848d8ff36a9.mp3?hdnea=exp=1745959484~acl=/api/1/1/7/0/3/0/703b2110d6e65bfbc52a7848d8ff36a9.mp3*~data=user_id=0,application_id=42~hmac=f0def1f1de38dc25a56b9951d396b9348f8c14efd882c35e23a1bc7c852ec163"
armenia,rock,the noise is a scream,clocker,6.0,https://cdn-images.dzcdn.net/images/cover/94302d493af6bef3cc053b221711ad95/250x250-000000-80-0-0.jpg,"https://cdnt-preview.dzcdn.net/api/1/1/e/f/a/0/efad10bac709a76a5037d29408855bb8.mp3?hdnea=exp=1745959484~acl=/api/1/1/e/f/a/0/efad10bac709a76a5037d29408855bb8.mp3*~data=user_id=0,application_id=42~hmac=0a5f1076fcbe8126f75984c5238a57bda8b8a00d41fb4f9394dc8f2875ce2ce3"
aruba,indie rock,stomp,the revoir,8.5,https://cdn-images.dzcdn.net/images/cover/146c97d3990def991dddc21cc1ec5220/250x250-000000-80-0-0.jpg,"https://cdnt-preview.dzcdn.net/api/1/1/5/8/f/0/58fd621c208b1c6e8784294371e2e9dc.mp3?hdnea=exp=1745959484~acl=/api/1/1/5/8/f/0/58fd621c208b1c6e8784294371e2e9dc.mp3*~data=user_id=0,application_id=42~hmac=63e20703e2215a17d5e17b2073d6a7ad4d9306eb7a09b1857d86f150ede6baf8"
austria,experimental rock,acting moderate,killed by 9v batteries,9.0,https://cdn-images.dzcdn.net/images/cover/2a537a3534339370da26a66122701a24/250x250-000000-80-0-0.jpg,"https://cdnt-preview.dzcdn.net/api/1/1/2/f/c/0/2fcb2b3aa7a222fa867d4d93879cf27f.mp3?hdnea=exp=1745959484~acl=/api/1/1/2/f/c/0/2fcb2b3aa7a222fa867d4d93879cf27f.mp3*~data=user_id=0,application_id=42~hmac=02c29a4c2cbec02d9d2fc8c139a2b93debf2def1ac08271412988ad51de265c0"
bangladesh,alternative,sheishob din raatri,karnival,8.5,https://cdn-images.dzcdn.net/images/cover/87889d3931b63406d88b322b4cb05e4c/250x250-000000-80-0-0.jpg,"https://cdnt-preview.dzcdn.net/api/1/1/0/8/1/0/0817278fc7f3305f60cc3e52d19f2b13.mp3?hdnea=exp=1745959484~acl=/api/1/1/0/8/1/0/0817278fc7f3305f60cc3e52d19f2b13.mp3*~data=user_id=0,application_id=42~hmac=e6d18bf47f4f3b69d340ba6004393be7139a235583a915601db98c5d688a81ec"
belarus,alt rock,Дажджамі,Бяз Назвы ,7.5,,
belgium,shoegaze,glow,slow crush,8.0,https://cdn-images.dzcdn.net/images/cover/2137f965afecc021bc5e5ed769b82380/250x250-000000-80-0-0.jpg,"https://cdnt-preview.dzcdn.net/api/1/1/5/0/0/0/500d10f6778059c6933d033eff8ceef6.mp3?hdnea=exp=1745959485~acl=/api/1/1/5/0/0/0/500d10f6778059c6933d033eff8ceef6.mp3*~data=user_id=0,application_id=42~hmac=60dd94ad99cb8b9f6afe0757aa93686be10dfdcf79f5e74fa99b2d0d6827a949"
bolivia,rock,histeria,llegas,7.0,,
botswana,noise rock,shooters,internet key,9.0,,
botswana,noise rock,bathroom wall,internet key,8.0,,
botswana,noise rock,i could cut out my veins,internet key,8.8,https://cdn-images.dzcdn.net/images/cover/06f64fd56cd5db149aa7f235992ee905/250x250-000000-80-0-0.jpg,"https://cdnt-preview.dzcdn.net/api/1/1/c/b/d/0/cbddd40773c0ea51e02360d6c45e6ee7.mp3?hdnea=exp=1745959485~acl=/api/1/1/c/b/d/0/cbddd40773c0ea51e02360d6c45e6ee7.mp3*~data=user_id=0,application_id=42~hmac=44b034359f3f4ea26fd1393d700411dd6ef6a13e99668153a2078c91482b7ff5"
brazil,punk,empina o fuzil // power trip,isotopxs,8.0,https://cdn-images.dzcdn.net/images/cover/6e7f2367078f92f4f4a369420b49cc0b/250x250-000000-80-0-0.jpg,"https://cdnt-preview.dzcdn.net/api/1/1/7/b/1/0/7b145bf4f44e1467792431b269568832.mp3?hdnea=exp=1745959486~acl=/api/1/1/7/b/1/0/7b145bf4f44e1467792431b269568832.mp3*~data=user_id=0,application_id=42~hmac=fc6cc21a5037b8a04a87f9d63b310a55322fc2922978c11a8ed69804886d1c88"
brazil,indie/garage rock,fotos de uma arvore que nao parace bem,micondria,8.0,,
brazil,indie rock,i luv u franklyn,glover.,7.0,https://cdn-images.dzcdn.net/images/cover/c13f650d3e8366bba50ec8a2cbae2c51/250x250-000000-80-0-0.jpg,"https://cdnt-preview.dzcdn.net/api/1/1/8/5/6/0/8566a0c184f02c83c413da19fc84252c.mp3?hdnea=exp=1745959486~acl=/api/1/1/8/5/6/0/8566a0c184f02c83c413da19fc84252c.mp3*~data=user_id=0,application_id=42~hmac=8acd4dc05f2edcd105b5f12c261eaae6e5f2e083866686d79ff7492b6d86815a"
brazil,experimental rock,playboy,pusher174,7.0,https://cdn-images.dzcdn.net/images/cover/9f5e0414ed2b88a8e5237ae091b76462/250x250-000000-80-0-0.jpg,"https://cdnt-preview.dzcdn.net/api/1/1/7/3/2/0/732f7a59237fcae9770ee412e764f6a3.mp3?hdnea=exp=1745959486~acl=/api/1/1/7/3/2/0/732f7a59237fcae9770ee412e764f6a3.mp3*~data=user_id=0,application_id=42~hmac=890ebfbd77a00661be180f96ce96f05e9c2dc0e72081789ea7e33ad5bb5458ac"
brazil,shoegaze,de areia e sal,sonhos tomam conta,6.0,https://cdn-images.dzcdn.net/images/cover/4db3fcc0e3a63758ce418443061a30f7/250x250-000000-80-0-0.jpg,"https://cdnt-preview.dzcdn.net/api/1/1/c/5/e/0/c5e4529b116b8ca1552d02d2bc3370de.mp3?hdnea=exp=1745959486~acl=/api/1/1/c/5/e/0/c5e4529b116b8ca1552d02d2bc3370de.mp3*~data=user_id=0,application_id=42~hmac=ca6f73caeeaad92e50bfef22b9e7a9a993e049314a1cf8bda37b0fc4ab1acc46"
brazil,shoegaze,hear a whisper,"terraplana, winter",8.0,https://cdn-images.dzcdn.net/images/cover/a35ba72c2ff1ff70f8a7a1330e5217b2/250x250-000000-80-0-0.jpg,"https://cdnt-preview.dzcdn.net/api/1/1/3/8/a/0/38a50243f2c69c5921574b7a286e83bc.mp3?hdnea=exp=1745959486~acl=/api/1/1/3/8/a/0/38a50243f2c69c5921574b7a286e83bc.mp3*~data=user_id=0,application_id=42~hmac=26f40d000c4a64801d5e6fccebd8d0fc595ff294324e5eb171b477f8c7486435"
brazil,indie rock,germaboys | a crise do prensado,quem e voce alice,8.0,https://cdn-images.dzcdn.net/images/cover/00efd572fdd1a338ecce31aaeb0aca70/250x250-000000-80-0-0.jpg,"https://cdnt-preview.dzcdn.net/api/1/1/4/2/b/0/42b7510d1304fa7708e82d4f76ec71cd.mp3?hdnea=exp=1745959486~acl=/api/1/1/4/2/b/0/42b7510d1304fa7708e82d4f76ec71cd.mp3*~data=user_id=0,application_id=42~hmac=55696b838baf1c444e76e6e2456427f25342e8b6011d6ead2ac5c4c27794de2d"
brunei,indie rock,i don't want to go home,guerilla orchestra,7.0,https://cdn-images.dzcdn.net/images/cover/4a35037c42f57a1de58321df1b042aee/250x250-000000-80-0-0.jpg,"https://cdnt-preview.dzcdn.net/api/1/1/6/a/f/0/6af132c4be535ece41bfae898207ee5d.mp3?hdnea=exp=1745959487~acl=/api/1/1/6/a/f/0/6af132c4be535ece41bfae898207ee5d.mp3*~data=user_id=0,application_id=42~hmac=4f97e8da652bf5d8505d6daa581245680c8993eb890e5d053df23635963d42ab"
bulgaria,alt rock,do mene e mayka ti,TDK,7.5,https://cdn-images.dzcdn.net/images/cover/441c368c90e7f69fca6b39fe9766c6c3/250x250-000000-80-0-0.jpg,"https://cdnt-preview.dzcdn.net/api/1/1/2/1/9/0/2196ffb57d851082e56e4ef8b955400b.mp3?hdnea=exp=1745959487~acl=/api/1/1/2/1/9/0/2196ffb57d851082e56e4ef8b955400b.mp3*~data=user_id=0,application_id=42~hmac=fe0ef4f1a15cb6b7810ff2257fcca639c3bbd31d43f062a13813b62463e3ef8b"
cambodia,folk rock,black hair,kampot playboys,7.0,https://cdn-images.dzcdn.net/images/cover/5a60e7c46652c2ae6c6d342cfe5d0d70/250x250-000000-80-0-0.jpg,"https://cdnt-preview.dzcdn.net/api/1/1/d/c/a/0/dca809b97b1d72c3f8db3ba8292a2d8e.mp3?hdnea=exp=1745959487~acl=/api/1/1/d/c/a/0/dca809b97b1d72c3f8db3ba8292a2d8e.mp3*~data=user_id=0,application_id=42~hmac=d750c7cb94b8a5160ed5c29283f33e99944c6c15bba122d1afdd11acc9825e53"
canada,alt rock,le metronome,malajube,10.0,https://cdn-images.dzcdn.net/images/cover/fe68f84330e325d3baa912726414972e/250x250-000000-80-0-0.jpg,"https://cdnt-preview.dzcdn.net/api/1/1/2/4/3/0/243747169159731c92853d5a27847385.mp3?hdnea=exp=1745959487~acl=/api/1/1/2/4/3/0/243747169159731c92853d5a27847385.mp3*~data=user_id=0,application_id=42~hmac=2503707e143cb300fd24ec513dff375087775f3846c2d5dd9a07783272368a51"
canada,indie rock,glu (coule sur moi),zen bamboo,9.7,https://cdn-images.dzcdn.net/images/cover/50516c98f42c43dd260cbdb2df925ef4/250x250-000000-80-0-0.jpg,"https://cdnt-preview.dzcdn.net/api/1/1/5/9/1/0/5912ec1e99100eee09931f6d8214eec7.mp3?hdnea=exp=1745959487~acl=/api/1/1/5/9/1/0/5912ec1e99100eee09931f6d8214eec7.mp3*~data=user_id=0,application_id=42~hmac=9a428009bebf045f739f61f76b2ce1447fafe93ab0a7a06a95f1ba2cc0e7f50a"
canada,alt rock,montreal -40,malajube,9.5,https://cdn-images.dzcdn.net/images/cover/b181d6b08412d1a1bc99e4cac1b65e96/250x250-000000-80-0-0.jpg,"https://cdnt-preview.dzcdn.net/api/1/1/7/f/0/0/7f0a7f581e43e71404d518aa474308d6.mp3?hdnea=exp=1745959487~acl=/api/1/1/7/f/0/0/7f0a7f581e43e71404d518aa474308d6.mp3*~data=user_id=0,application_id=42~hmac=f96a7cabc9b737c95e34f9a485de00e7611ff25bef12d97c96562a44f8325e58"
canada,alt rock,ah ouin,chocolat,7.0,https://cdn-images.dzcdn.net/images/cover/96b7a0f69af870daf2dbdb3f7b300c54/250x250-000000-80-0-0.jpg,"https://cdnt-preview.dzcdn.net/api/1/1/0/5/9/0/0598a85fa3ddf7073f4d27ea43f4f8c8.mp3?hdnea=exp=1745959487~acl=/api/1/1/0/5/9/0/0598a85fa3ddf7073f4d27ea43f4f8c8.mp3*~data=user_id=0,application_id=42~hmac=4e6ea11191eff0b027407fa3dcfa9f86ece7820f868eea1cb310c36b68968358"
canada,alt rock,pate filo,malajube,8.0,https://cdn-images.dzcdn.net/images/cover/b181d6b08412d1a1bc99e4cac1b65e96/250x250-000000-80-0-0.jpg,"https://cdnt-preview.dzcdn.net/api/1/1/3/2/9/0/329a5ae92c67a91f2b1253cb8aa78a3b.mp3?hdnea=exp=1745959488~acl=/api/1/1/3/2/9/0/329a5ae92c67a91f2b1253cb8aa78a3b.mp3*~data=user_id=0,application_id=42~hmac=854b3e9f900390357a8e89520105f197b86d8a0b35b30bd433a63e8a993b21f2"
canada,experimental rock,fleur de londres,violett pi,7.0,https://cdn-images.dzcdn.net/images/cover/491285900cebeed38ff551a3b1b3752d/250x250-000000-80-0-0.jpg,"https://cdnt-preview.dzcdn.net/api/1/1/5/4/2/0/542ee00b1abd330ac314a064c3cd4163.mp3?hdnea=exp=1745959488~acl=/api/1/1/5/4/2/0/542ee00b1abd330ac314a064c3cd4163.mp3*~data=user_id=0,application_id=42~hmac=c75b7f4aca77de8ddfc0b4e41c4dfc27105c181684e2048e2e7062b5a6696d05"
canada,alt rock,la monogamie,malajube,8.0,https://cdn-images.dzcdn.net/images/cover/b181d6b08412d1a1bc99e4cac1b65e96/250x250-000000-80-0-0.jpg,"https://cdnt-preview.dzcdn.net/api/1/1/f/a/5/0/fa5af46f45b248f733f396f68682b927.mp3?hdnea=exp=1745959488~acl=/api/1/1/f/a/5/0/fa5af46f45b248f733f396f68682b927.mp3*~data=user_id=0,application_id=42~hmac=8c8eb804970a3517747223fc302bb59fdf8c8bd49bf248ed85f3608395ce8b03"
canada,indie rock,annie (pourquoi t'es partie?),babylones,8.0,https://cdn-images.dzcdn.net/images/cover/7903e432cffb023f98efd8f1bc37c4f0/250x250-000000-80-0-0.jpg,"https://cdnt-preview.dzcdn.net/api/1/1/0/e/f/0/0ef9af5e5084349ca641f76ba31edc9b.mp3?hdnea=exp=1745959488~acl=/api/1/1/0/e/f/0/0ef9af5e5084349ca641f76ba31edc9b.mp3*~data=user_id=0,application_id=42~hmac=cf1357b4de84bf3f342cdb5b545baaf61229c1c5ec24d2fb1fce7b98496cdbca"
cabo verde,indie rock,sinti alive,krad,6.9,https://cdn-images.dzcdn.net/images/cover/213657fd4f02d3a0319fe5c42e17c9c5/250x250-000000-80-0-0.jpg,"https://cdnt-preview.dzcdn.net/api/1/1/8/5/6/0/85666ba60094e4be866215a4070bbd89.mp3?hdnea=exp=1745959488~acl=/api/1/1/8/5/6/0/85666ba60094e4be866215a4070bbd89.mp3*~data=user_id=0,application_id=42~hmac=39759324950f7946c017705c9e0ad25325b27d601b122c528a6ca71b9e7bae2c"
chile,math rock,resonancias,herbario,7.0,https://cdn-images.dzcdn.net/images/cover/5075d8de02822b530688e3b0627f852f/250x250-000000-80-0-0.jpg,"https://cdnt-preview.dzcdn.net/api/1/1/6/9/4/0/694f58f77dd60a8296b26177b859b433.mp3?hdnea=exp=1745959488~acl=/api/1/1/6/9/4/0/694f58f77dd60a8296b26177b859b433.mp3*~data=user_id=0,application_id=42~hmac=8d8a0adc435ef7d854dc9740ed865a3c62742e4bfb8e12f09bdc5216ccdf43c7"
chile,rock,el viaje,coni lewin,7.5,https://cdn-images.dzcdn.net/images/cover/01a95bcae6bf14e5366c328eb3cee6df/250x250-000000-80-0-0.jpg,"https://cdnt-preview.dzcdn.net/api/1/1/8/a/6/0/8a6aef8c666334c8697e035280c12473.mp3?hdnea=exp=1745959489~acl=/api/1/1/8/a/6/0/8a6aef8c666334c8697e035280c12473.mp3*~data=user_id=0,application_id=42~hmac=9e5561b203dea0376141259fe5765b16a4e79def72be2bc44b592feec0acbbeb"
china,alternative,光,arches,7.0,,
china,shoegaze,i just want 2 hear your voice...,strawberry lust,7.0,https://cdn-images.dzcdn.net/images/cover/54285ed278079fc3f9ec36d98560a946/250x250-000000-80-0-0.jpg,"https://cdnt-preview.dzcdn.net/api/1/1/9/5/e/0/95e5223709af69bc834e94a4e58d54f3.mp3?hdnea=exp=1745959489~acl=/api/1/1/9/5/e/0/95e5223709af69bc834e94a4e58d54f3.mp3*~data=user_id=0,application_id=42~hmac=d11f46d230d0afd79a7aaa18a4dbe41c65e9e6fafeb86822daf65926edd4b853"
colombia,emo,become,the hall effect,7.0,https://cdn-images.dzcdn.net/images/cover/ee9cdfc3b14ed0ff449dc36452af9344/250x250-000000-80-0-0.jpg,"https://cdnt-preview.dzcdn.net/api/1/1/a/7/8/0/a784a3f97c7173839cae632c179014de.mp3?hdnea=exp=1745959489~acl=/api/1/1/a/7/8/0/a784a3f97c7173839cae632c179014de.mp3*~data=user_id=0,application_id=42~hmac=e70c635f395520cd1bec1f7b09df119b790792041c3b062dd64677367b9f2966"
costa rica,shoegaze,cuarto rosa,sway,7.0,https://cdn-images.dzcdn.net/images/cover/d04fb2841f11324620fdacf822350d05/250x250-000000-80-0-0.jpg,"https://cdnt-preview.dzcdn.net/api/1/1/6/f/f/0/6ff04876c038fa791faa19ed7a7b5beb.mp3?hdnea=exp=1745959489~acl=/api/1/1/6/f/f/0/6ff04876c038fa791faa19ed7a7b5beb.mp3*~data=user_id=0,application_id=42~hmac=1edf27b141fbf70e3040d628479408af636aabe0b538021a3e143f7a6e19cdc7"
croatia,psychedelic rock,meke ruke,cuvarkuca,7.0,https://cdn-images.dzcdn.net/images/cover/59c2196864f3e1daf56920281b97add6/250x250-000000-80-0-0.jpg,"https://cdnt-preview.dzcdn.net/api/1/1/2/7/d/0/27daf1a2cdaa794147fa71a3281049ae.mp3?hdnea=exp=1745959489~acl=/api/1/1/2/7/d/0/27daf1a2cdaa794147fa71a3281049ae.mp3*~data=user_id=0,application_id=42~hmac=133814a9dbfd74334126526a0a22ed21849e31d4694e09f7171dd45356eb854a"
czechia,experimental rock,sign n spell,here,7.0,https://cdn-images.dzcdn.net/images/cover/b82b7615d3eeb998417ffa12489d94b3/250x250-000000-80-0-0.jpg,"https://cdnt-preview.dzcdn.net/api/1/1/4/b/c/0/4bc31a4ace35be1069cfe9c45ae8429f.mp3?hdnea=exp=1745959490~acl=/api/1/1/4/b/c/0/4bc31a4ace35be1069cfe9c45ae8429f.mp3*~data=user_id=0,application_id=42~hmac=f8776307f188e1d4174de3e93c688c42358632fa5bb4adf0f9eab609011ad1d6"
cuba,shoegaze,no te veo,land whales,8.7,https://cdn-images.dzcdn.net/images/cover/1e424e53d1b4f9e808a0ebba4ae7a1e7/250x250-000000-80-0-0.jpg,"https://cdnt-preview.dzcdn.net/api/1/1/f/8/a/0/f8aeacf453a6a7fb55b580652ee97a59.mp3?hdnea=exp=1745959490~acl=/api/1/1/f/8/a/0/f8aeacf453a6a7fb55b580652ee97a59.mp3*~data=user_id=0,application_id=42~hmac=dd8f3950c6680ecd6011d110f55af3fc473816d17fad09423dfaa22c4485d773"
denmark,alt rock,fencesitters,inventory,7.0,https://cdn-images.dzcdn.net/images/cover/5a6cf42002c8e92c0ad10c5f8f1d62e9/250x250-000000-80-0-0.jpg,"https://cdnt-preview.dzcdn.net/api/1/1/7/2/3/0/7236faa6a2367a6948a822c4e6695dda.mp3?hdnea=exp=1745959490~acl=/api/1/1/7/2/3/0/7236faa6a2367a6948a822c4e6695dda.mp3*~data=user_id=0,application_id=42~hmac=c87f80de1057744e7812d3ad424bb4b5b92f06e6fe52277ada25c5e1167dce14"
united kingdom,indie rock,prunus,new luna,7.5,https://cdn-images.dzcdn.net/images/cover/22d1d4029aa570599b2f90979ec79c29/250x250-000000-80-0-0.jpg,"https://cdnt-preview.dzcdn.net/api/1/1/b/4/8/0/b4876bfb670690bc859c08c5b2c88a5c.mp3?hdnea=exp=1745959490~acl=/api/1/1/b/4/8/0/b4876bfb670690bc859c08c5b2c88a5c.mp3*~data=user_id=0,application_id=42~hmac=1f1cfb8347518b70668c1c8f280c95b6d860d4c2de6082bd46633c70544b1ca2"
ecuador,alt rock,sindrome de uppsala,biorn borg,8.0,https://cdn-images.dzcdn.net/images/cover/067ff5688ef4989b36cdc7fc94c6d9d1/250x250-000000-80-0-0.jpg,"https://cdnt-preview.dzcdn.net/api/1/1/7/0/6/0/706302653953268602a7265cb7d82aab.mp3?hdnea=exp=1745959490~acl=/api/1/1/7/0/6/0/706302653953268602a7265cb7d82aab.mp3*~data=user_id=0,application_id=42~hmac=4d987bd09ef71fa7e5993e1576dc3ed6cead29ef9d3a1a662e3ad35fb9b53db1"
england,shoegaze,prunus,new luna,8.8,https://cdn-images.dzcdn.net/images/cover/22d1d4029aa570599b2f90979ec79c29/250x250-000000-80-0-0.jpg,"https://cdnt-preview.dzcdn.net/api/1/1/b/4/8/0/b4876bfb670690bc859c08c5b2c88a5c.mp3?hdnea=exp=1745959495~acl=/api/1/1/b/4/8/0/b4876bfb670690bc859c08c5b2c88a5c.mp3*~data=user_id=0,application_id=42~hmac=5d6cdc51e223e08a923c588674125199e583698268b221a222cee1619ddd1cf3"
egypt,alt rock,segn bel alwan,"ramy essam, malikah",8.0,https://cdn-images.dzcdn.net/images/cover/4fc5f48f3cd93b272b9ee5312301d342/250x250-000000-80-0-0.jpg,"https://cdnt-preview.dzcdn.net/api/1/1/e/f/e/0/efe5be4c6012c34f0fa53ff9242042bb.mp3?hdnea=exp=1745959495~acl=/api/1/1/e/f/e/0/efe5be4c6012c34f0fa53ff9242042bb.mp3*~data=user_id=0,application_id=42~hmac=738d6af811fbdbc5047c2aad2443d591e37fc80e1804da4e15d668785a260dc3"
el salvador,indie rock,color,inflorescencia,6.7,https://cdn-images.dzcdn.net/images/cover/2b77d92eaa26f93b2c2b2f6dc64331e5/250x250-000000-80-0-0.jpg,"https://cdnt-preview.dzcdn.net/api/1/1/9/1/8/0/91807586e4aaf5d4ba04ea869ef70b15.mp3?hdnea=exp=1745959496~acl=/api/1/1/9/1/8/0/91807586e4aaf5d4ba04ea869ef70b15.mp3*~data=user_id=0,application_id=42~hmac=6758ff7d80079432658e46accfcf9184911b4c5f9d907b277b42eb1e884d30f5"
faroe islands,alt rock,indigo brow,clickhaze,10.0,https://cdn-images.dzcdn.net/images/cover/31cefc3cc06174bf0b056b43d88c12aa/250x250-000000-80-0-0.jpg,"https://cdnt-preview.dzcdn.net/api/1/1/f/2/b/0/f2b38a64ed946a931187e75c91a53a26.mp3?hdnea=exp=1745959496~acl=/api/1/1/f/2/b/0/f2b38a64ed946a931187e75c91a53a26.mp3*~data=user_id=0,application_id=42~hmac=48101c1778d114924a20f03af986e360ef07e26c0331c3ce15ccadbd480fcfe8"
finland,symphonic metal,amaranth,nightwish,7.0,https://cdn-images.dzcdn.net/images/cover/bcdca911c84035682102db1f3516c47d/250x250-000000-80-0-0.jpg,"https://cdnt-preview.dzcdn.net/api/1/1/3/9/f/0/39f277c001265f87901942e9ecd51d91.mp3?hdnea=exp=1745959496~acl=/api/1/1/3/9/f/0/39f277c001265f87901942e9ecd51d91.mp3*~data=user_id=0,application_id=42~hmac=f5310e4169c8504192eea6816e9a7b024ab2738a5aeda4b49f75a72d0670514a"
france,indie rock,lasso,phoenix,7.0,https://cdn-images.dzcdn.net/images/cover/c3bb90a6b2f333c1510a876236bacf0c/250x250-000000-80-0-0.jpg,"https://cdnt-preview.dzcdn.net/api/1/1/c/b/f/0/cbf33590b31c5cf7ab402541f93be400.mp3?hdnea=exp=1745959496~acl=/api/1/1/c/b/f/0/cbf33590b31c5cf7ab402541f93be400.mp3*~data=user_id=0,application_id=42~hmac=0108997bca92d73434b0e89c69e1bec987a7715f30a9d8653e3620e502709d57"
france,rock,reggie lewis,sport,6.0,https://cdn-images.dzcdn.net/images/cover/1f41ce0dbdf9fc24b51abcd67b696a30/250x250-000000-80-0-0.jpg,"https://cdnt-preview.dzcdn.net/api/1/1/8/a/8/0/8a89d3e7e1c795626e2794bb3304c4bb.mp3?hdnea=exp=1745959496~acl=/api/1/1/8/a/8/0/8a89d3e7e1c795626e2794bb3304c4bb.mp3*~data=user_id=0,application_id=42~hmac=3152955c58c7e68de1caf9852c1fd9684abb9d30b5fc061ccbce0bb5b4a6300f"
france,indie rock,armistice,phoenix,8.0,https://cdn-images.dzcdn.net/images/cover/c3bb90a6b2f333c1510a876236bacf0c/250x250-000000-80-0-0.jpg,"https://cdnt-preview.dzcdn.net/api/1/1/6/5/7/0/657cf157857d2a6129e9394ea3b388db.mp3?hdnea=exp=1745959496~acl=/api/1/1/6/5/7/0/657cf157857d2a6129e9394ea3b388db.mp3*~data=user_id=0,application_id=42~hmac=043a04a51a235fff15e8997961930feac9dd27ef613e234996bd699eaecec497"
france,electronic,safety crash,tapeworms,8.0,https://cdn-images.dzcdn.net/images/cover/33370762e05c1b2479e522c182cef46d/250x250-000000-80-0-0.jpg,"https://cdnt-preview.dzcdn.net/api/1/1/3/3/f/0/33fafe53e8a9677378ce3c4a6db0d91a.mp3?hdnea=exp=1745959497~acl=/api/1/1/3/3/f/0/33fafe53e8a9677378ce3c4a6db0d91a.mp3*~data=user_id=0,application_id=42~hmac=5ae02aa33300a9eb0769564fbab0f7495936b320885fe9a6113c9eaacbe0c4a0"
france,indie rock,je te vois encore,foggy bottoms,7.5,,
germany,alternative,pausenlied,125 rue montmartre,9.0,https://cdn-images.dzcdn.net/images/cover/6d750063ca2a2d7af9b098256f40ed17/250x250-000000-80-0-0.jpg,"https://cdnt-preview.dzcdn.net/api/1/1/e/f/2/0/ef228cc3e228e16f72ef75c3b3739d7a.mp3?hdnea=exp=1745959497~acl=/api/1/1/e/f/2/0/ef228cc3e228e16f72ef75c3b3739d7a.mp3*~data=user_id=0,application_id=42~hmac=4131065a4c2ea11aec31b1b11155e0f3a164cb38e449ee93ca43dfc66ee9ac52"
germany,indie rock,nacht,betterov,7.0,https://cdn-images.dzcdn.net/images/cover/c0e94489a4429dd29e89dbc30547e829/250x250-000000-80-0-0.jpg,"https://cdnt-preview.dzcdn.net/api/1/1/4/5/b/0/45b1be3825acaa0beb2d188824306dd0.mp3?hdnea=exp=1745959497~acl=/api/1/1/4/5/b/0/45b1be3825acaa0beb2d188824306dd0.mp3*~data=user_id=0,application_id=42~hmac=3f7a3e7f51ade2fe2f4695437a4ce190a9ca199ce4adcc62f776f7adff6e12b2"
germany,alternative,disco hijack,125 rue montmartre,8.5,https://cdn-images.dzcdn.net/images/cover/6d750063ca2a2d7af9b098256f40ed17/250x250-000000-80-0-0.jpg,"https://cdnt-preview.dzcdn.net/api/1/1/d/b/0/0/db0b11b6b61fa6a2da08c73ce5bb0183.mp3?hdnea=exp=1745959497~acl=/api/1/1/d/b/0/0/db0b11b6b61fa6a2da08c73ce5bb0183.mp3*~data=user_id=0,application_id=42~hmac=f03316e1a630dab88a584a0d12a819051b8f83324519c88ea14a397b7e57b87b"
germany,indie rock,angst,betterov,7.5,https://cdn-images.dzcdn.net/images/cover/c0e94489a4429dd29e89dbc30547e829/250x250-000000-80-0-0.jpg,"https://cdnt-preview.dzcdn.net/api/1/1/8/4/8/0/8486951511d8a73996a2247bc2df207b.mp3?hdnea=exp=1745959497~acl=/api/1/1/8/4/8/0/8486951511d8a73996a2247bc2df207b.mp3*~data=user_id=0,application_id=42~hmac=65dcb2c76b6bf8217346e2f0d107c67d5a587767e50d2d51a84010781f538335"
germany,alternative,revolter,125 rue montmartre,8.0,https://cdn-images.dzcdn.net/images/cover/6d750063ca2a2d7af9b098256f40ed17/250x250-000000-80-0-0.jpg,"https://cdnt-preview.dzcdn.net/api/1/1/4/8/a/0/48a8d39425c94a18e394c7e7b6f18118.mp3?hdnea=exp=1745959498~acl=/api/1/1/4/8/a/0/48a8d39425c94a18e394c7e7b6f18118.mp3*~data=user_id=0,application_id=42~hmac=98d97acc93c1533ca75b19e00e1d3eaa84e74b93a1d4eb321b1047766e7a3c3b"
germany,alternative,gegenstück,monochrome,8.8,https://cdn-images.dzcdn.net/images/cover/adddc14ce35b6b7ec5ced58e8bcfffbf/250x250-000000-80-0-0.jpg,"https://cdnt-preview.dzcdn.net/api/1/1/7/1/f/0/71f05cc7a62ef714be77e2a9158c8e21.mp3?hdnea=exp=1745959498~acl=/api/1/1/7/1/f/0/71f05cc7a62ef714be77e2a9158c8e21.mp3*~data=user_id=0,application_id=42~hmac=003eac97fc58b4979ad0c0fd96b211582621ff96dd8492d4a280a1e96a57a02d"
germany,alternative,hands and arrows,sometree,8.5,https://cdn-images.dzcdn.net/images/cover/056942086d3ac772eee6ecec3adfaa53/250x250-000000-80-0-0.jpg,"https://cdnt-preview.dzcdn.net/api/1/1/4/9/4/0/494238f4c92531a55aa2f14fbbf75528.mp3?hdnea=exp=1745959498~acl=/api/1/1/4/9/4/0/494238f4c92531a55aa2f14fbbf75528.mp3*~data=user_id=0,application_id=42~hmac=ea1f8ec87a27716b8c7036c3ca25605a1d86f2ec4677c2d07f166b25dd3ff27e"
ghana,rock,try,dark suburb,6.0,https://cdn-images.dzcdn.net/images/cover/8d0e27499dc1cd7991ae2852d56106a9/250x250-000000-80-0-0.jpg,"https://cdnt-preview.dzcdn.net/api/1/1/0/5/5/0/055ea2596816c4e2fdece3000728db4c.mp3?hdnea=exp=1745959498~acl=/api/1/1/0/5/5/0/055ea2596816c4e2fdece3000728db4c.mp3*~data=user_id=0,application_id=42~hmac=376674b7fa3c93711b461a38b84028dda92bcda3e84f1b030775f92ca49fc454"
greece,pop rock (?) ,the big deal,tripwire,7.0,https://cdn-images.dzcdn.net/images/cover/2e48ec65fb6cc93d55546759cf71d146/250x250-000000-80-0-0.jpg,"https://cdnt-preview.dzcdn.net/api/1/1/a/7/4/0/a749e11daa6b06d5b3e94e4cf9d6ca07.mp3?hdnea=exp=1745959498~acl=/api/1/1/a/7/4/0/a749e11daa6b06d5b3e94e4cf9d6ca07.mp3*~data=user_id=0,application_id=42~hmac=36082019b25dfdd87c62b9341da4341ef9839240cbc0943dd9858952633f6b32"
greenland,folk rock,inuinnaagavit,nanook,7.0,https://cdn-images.dzcdn.net/images/cover/e7618620ae59c53af6f01393550f3fb4/250x250-000000-80-0-0.jpg,"https://cdnt-preview.dzcdn.net/api/1/1/b/d/4/0/bd411d233daff8a8c39776c4f6ce7696.mp3?hdnea=exp=1745959498~acl=/api/1/1/b/d/4/0/bd411d233daff8a8c39776c4f6ce7696.mp3*~data=user_id=0,application_id=42~hmac=e4869cb4a3be614fefe384a4c6ba349801d280c22fb55ac507fef45bd4fe4130"
guam,noise rock,words cannot express,matala,7.0,https://cdn-images.dzcdn.net/images/cover/0ca1c6b7e1455181a0687eca6ef3f25e/250x250-000000-80-0-0.jpg,"https://cdnt-preview.dzcdn.net/api/1/1/1/3/3/0/13377e3e3fa9bd8ce89198300e367a3a.mp3?hdnea=exp=1745959498~acl=/api/1/1/1/3/3/0/13377e3e3fa9bd8ce89198300e367a3a.mp3*~data=user_id=0,application_id=42~hmac=b864bd2eb09777dc4cb155d6f527eeb37800d132484f11b05594517fa4324c36"
guatemala,indie rock,guatemala esta muerta,volver,7.5,https://cdn-images.dzcdn.net/images/cover/92a73c51b9793f95f6644336990e491b/250x250-000000-80-0-0.jpg,"https://cdnt-preview.dzcdn.net/api/1/1/c/f/b/0/cfb6202e0446c0d92fc3cd9d3162536b.mp3?hdnea=exp=1745959499~acl=/api/1/1/c/f/b/0/cfb6202e0446c0d92fc3cd9d3162536b.mp3*~data=user_id=0,application_id=42~hmac=8cad284893f3f9cc79dd628ab21190a128f8ca803c5751ca116cb53df16ad126"
hungary,alt rock,ha az eletben,kispal es a borz,7.6,https://cdn-images.dzcdn.net/images/cover/ba5d1b0c478ea132faddc3b9c5e48f89/250x250-000000-80-0-0.jpg,"https://cdnt-preview.dzcdn.net/api/1/1/3/2/5/0/3255d4296e2dbe767628a9add31845c2.mp3?hdnea=exp=1745959499~acl=/api/1/1/3/2/5/0/3255d4296e2dbe767628a9add31845c2.mp3*~data=user_id=0,application_id=42~hmac=bdb2a53b2794f72dd5f6689def254a54d4e62ce6694216eb07105ca796df7403"
hungary,indie rock,daddy said no,carson coma,7.5,https://cdn-images.dzcdn.net/images/cover/c53d8806f47a04abc4dd1a58324741f1/250x250-000000-80-0-0.jpg,"https://cdnt-preview.dzcdn.net/api/1/1/c/7/0/0/c7097f0f4d5aeebdf030cca86833a347.mp3?hdnea=exp=1745959499~acl=/api/1/1/c/7/0/0/c7097f0f4d5aeebdf030cca86833a347.mp3*~data=user_id=0,application_id=42~hmac=4985d6d5bec8f79489bb43f64bafe5d5cca06c0a30fac38e8daa457a78e21df1"
iceland,alt rock,fardu i roo,botnledja,7.5,https://cdn-images.dzcdn.net/images/cover/30113c064698408ae4f8ac4016984923/250x250-000000-80-0-0.jpg,"https://cdnt-preview.dzcdn.net/api/1/1/8/7/e/0/87e873be022908ed7af1bf88b8d93170.mp3?hdnea=exp=1745959499~acl=/api/1/1/8/7/e/0/87e873be022908ed7af1bf88b8d93170.mp3*~data=user_id=0,application_id=42~hmac=9cf79a5d194a48c35394486aa88b947432797aa00b70f258511b772b07085b78"
india,indie rock,wknd frnds,the f16s,7.0,https://cdn-images.dzcdn.net/images/cover/b625dd519183b0dc4463319d09bcb34c/250x250-000000-80-0-0.jpg,"https://cdnt-preview.dzcdn.net/api/1/1/d/7/7/0/d771ef7a7ae3b5299a8d58baf9efe684.mp3?hdnea=exp=1745959499~acl=/api/1/1/d/7/7/0/d771ef7a7ae3b5299a8d58baf9efe684.mp3*~data=user_id=0,application_id=42~hmac=f1151bb9526274cd1ec2eb4a0201634ba27bc43039fd9d1ced8694bd1c980c38"
india,alt rock,the bridge between us,pacifist,6.5,https://cdn-images.dzcdn.net/images/cover/98a727527e78e7e3ba915f286f32d0e7/250x250-000000-80-0-0.jpg,"https://cdnt-preview.dzcdn.net/api/1/1/2/5/8/0/258ec1923fa3dfb9784f18a03a7a5549.mp3?hdnea=exp=1745959499~acl=/api/1/1/2/5/8/0/258ec1923fa3dfb9784f18a03a7a5549.mp3*~data=user_id=0,application_id=42~hmac=f4da3b2ecaaf8a6a0102d09726d17ce4cf8f03b5c8bb2d8004bfba2771efee9b"
indonesia,indie rock,checks and calls,liar's wife,8.0,,
indonesia,indie rock,confused,sunwich,7.0,https://cdn-images.dzcdn.net/images/cover/1fc06a4dcbde413d75d85fd2ba3c488b/250x250-000000-80-0-0.jpg,"https://cdnt-preview.dzcdn.net/api/1/1/a/4/1/0/a416e6ad8e676b410581320225de70de.mp3?hdnea=exp=1745959500~acl=/api/1/1/a/4/1/0/a416e6ad8e676b410581320225de70de.mp3*~data=user_id=0,application_id=42~hmac=a5f9f58880036344c3e8a7e6ec0bdef602aaf4b5e88c52540f3371be83eb2c0c"
iran,alt rock,saghi,o-hum,7.5,https://cdn-images.dzcdn.net/images/cover/3064be9331479f85ba33f1671ef98bae/250x250-000000-80-0-0.jpg,"https://cdnt-preview.dzcdn.net/api/1/1/1/2/9/0/129d7d83a676582415533ccbf66efa20.mp3?hdnea=exp=1745959500~acl=/api/1/1/1/2/9/0/129d7d83a676582415533ccbf66efa20.mp3*~data=user_id=0,application_id=42~hmac=7eb079acf0c07500ec913cf5d936a081166dfeabe9eafb2712eac1f0cafd27fa"
ireland,alt rock,boys in the better land,fontaines d.c,8.0,https://cdn-images.dzcdn.net/images/cover/0aee87fc3b0751dc67a1a3cb402ad80a/250x250-000000-80-0-0.jpg,"https://cdnt-preview.dzcdn.net/api/1/1/e/7/7/0/e77bdeb168dab84efe6c4c591a672bd1.mp3?hdnea=exp=1745959500~acl=/api/1/1/e/7/7/0/e77bdeb168dab84efe6c4c591a672bd1.mp3*~data=user_id=0,application_id=42~hmac=51032a5cf8fc892e06eb93a4b9289474ac40070617e53f4cf91f6f32af6a43c0"
italy,alt rock,come dovrei oppormi,bymyside,10.0,https://cdn-images.dzcdn.net/images/cover/b87cb7f8dbd60d7d272ca8068d03fe64/250x250-000000-80-0-0.jpg,"https://cdnt-preview.dzcdn.net/api/1/1/b/d/f/0/bdfdd1c87fc1dc3c11eb0e39382e151a.mp3?hdnea=exp=1745959501~acl=/api/1/1/b/d/f/0/bdfdd1c87fc1dc3c11eb0e39382e151a.mp3*~data=user_id=0,application_id=42~hmac=6ef6896e6e197e021269e16b14add63a9c9f7f10b7c3a11695e9395f5f31ec78"
jamaica,alternative,vex,"dxrkknght, indie anthony",7.5,https://cdn-images.dzcdn.net/images/cover/ac55760c6be0457f51ec0883f4765d6f/250x250-000000-80-0-0.jpg,"https://cdnt-preview.dzcdn.net/api/1/1/d/9/9/0/d99a78957681c9e788037afd4c28c2ff.mp3?hdnea=exp=1745959501~acl=/api/1/1/d/9/9/0/d99a78957681c9e788037afd4c28c2ff.mp3*~data=user_id=0,application_id=42~hmac=d3d6c85c4cdb9aa1bd278028d888dd1e4fa86aa968eead41fa56602d620fca2d"
japan,midwest emo / alt rock,phony,by the end of the summer,9.0,https://cdn-images.dzcdn.net/images/cover/469b768cb6878d37a797edc57cffab80/250x250-000000-80-0-0.jpg,"https://cdnt-preview.dzcdn.net/api/1/1/5/f/3/0/5f3f2ef619780eafdced7176526fb45b.mp3?hdnea=exp=1745959501~acl=/api/1/1/5/f/3/0/5f3f2ef619780eafdced7176526fb45b.mp3*~data=user_id=0,application_id=42~hmac=23cca94bd9949d66751fb8f05e6a2ede06f1f7f443b4292ec183bd1e89877f16"
japan,indie rock,glass marbles,susquatch,9.0,https://cdn-images.dzcdn.net/images/cover/a2bda69c55e4c9ddbb6fee83c7761b10/250x250-000000-80-0-0.jpg,"https://cdnt-preview.dzcdn.net/api/1/1/b/6/d/0/b6d34cb2cefc47eba587e4e87f8bc28f.mp3?hdnea=exp=1745959501~acl=/api/1/1/b/6/d/0/b6d34cb2cefc47eba587e4e87f8bc28f.mp3*~data=user_id=0,application_id=42~hmac=5f5b1bbb30b2d4655b773d4b7053d24ed8a3434827d971de536618042b2d4eb8"
japan,indie rock,pretty old man,no buses,9.0,https://cdn-images.dzcdn.net/images/cover/4512231fb3261a3d043b9c987e443114/250x250-000000-80-0-0.jpg,"https://cdnt-preview.dzcdn.net/api/1/1/6/4/a/0/64a9ac99b38411041695a3cf6fb64ca9.mp3?hdnea=exp=1745959501~acl=/api/1/1/6/4/a/0/64a9ac99b38411041695a3cf6fb64ca9.mp3*~data=user_id=0,application_id=42~hmac=2360c314075a4b2c0f490969fa4ac6774e66ce3b400a247d7bd2feaf49bf9c17"
japan,indie rock,untouchable you,no buses,9.0,https://cdn-images.dzcdn.net/images/cover/0a59c2be82f451177c5e1f62be7ab951/250x250-000000-80-0-0.jpg,"https://cdnt-preview.dzcdn.net/api/1/1/b/5/d/0/b5d90ab6eaf50ce51d41aeb1959cb770.mp3?hdnea=exp=1745959501~acl=/api/1/1/b/5/d/0/b5d90ab6eaf50ce51d41aeb1959cb770.mp3*~data=user_id=0,application_id=42~hmac=52602c8e2e5850c303497c4a4ccb4994e1c2132c3f824d91f0fde50cc9559df6"
japan,indie rock,シュレディンガーの猫,brian the sun,9.0,,
japan,indie rock,心の実,indigo la end,9.5,,
japan,indie rock,girl,no buses,9.5,https://cdn-images.dzcdn.net/images/cover/1c1760ca5ca2e9cb71b00697aa65810d/250x250-000000-80-0-0.jpg,"https://cdnt-preview.dzcdn.net/api/1/1/2/2/2/0/222edff8c93e53dcae564bedb083b61d.mp3?hdnea=exp=1745959503~acl=/api/1/1/2/2/2/0/222edff8c93e53dcae564bedb083b61d.mp3*~data=user_id=0,application_id=42~hmac=02f199778b85b4adee87944554f5826fe0f415c80d0ed4c2623d5923a3866b56"
japan,indie rock,with or without it,no buses,9.5,https://cdn-images.dzcdn.net/images/cover/1399c43f914bd441205a507086e119b1/250x250-000000-80-0-0.jpg,"https://cdnt-preview.dzcdn.net/api/1/1/5/d/9/0/5d97c26d1745a3e211275f00195f41d3.mp3?hdnea=exp=1745959503~acl=/api/1/1/5/d/9/0/5d97c26d1745a3e211275f00195f41d3.mp3*~data=user_id=0,application_id=42~hmac=cee43be25cc3da8657e9060aadcd2275c978ea9cfb001a672ae86b1215b1c77b"
japan,shoegaze,night is young,yuragi,9.0,,
japan,alt rock,てふてふ,plastic tree,9.0,,
japan,indie rock,hyperventilation,radwimps,8.5,https://cdn-images.dzcdn.net/images/cover/9f0d97f596fcf438b190f129e8d2a166/250x250-000000-80-0-0.jpg,"https://cdnt-preview.dzcdn.net/api/1/1/c/9/d/0/c9d40749428e5a579b1e348eadf5d53a.mp3?hdnea=exp=1745959504~acl=/api/1/1/c/9/d/0/c9d40749428e5a579b1e348eadf5d53a.mp3*~data=user_id=0,application_id=42~hmac=b99918ab01104e1ce8ba72c0199c8c11314373cca18e449b2e29162f9a5d228a"
jordan,indie rock,khatem,akher zapheer,7.0,https://cdn-images.dzcdn.net/images/cover/7bed07c70b9a03d8e043b305abc05b24/250x250-000000-80-0-0.jpg,"https://cdnt-preview.dzcdn.net/api/1/1/4/4/2/0/4426ad2f429915eda8e04386af212346.mp3?hdnea=exp=1745959504~acl=/api/1/1/4/4/2/0/4426ad2f429915eda8e04386af212346.mp3*~data=user_id=0,application_id=42~hmac=5faf2a4489e376f64297164a9eae96b19b400a7f2ea5060963917c4722a3d229"
kazakhstan,indie rock,sadness,secret radio,6.5,https://cdn-images.dzcdn.net/images/cover/64b4b68c7883ed0f10f2ed4b0fe13c14/250x250-000000-80-0-0.jpg,"https://cdnt-preview.dzcdn.net/api/1/1/6/d/b/0/6db8ea025d62d1aa8f8e46e2abf76d66.mp3?hdnea=exp=1745959504~acl=/api/1/1/6/d/b/0/6db8ea025d62d1aa8f8e46e2abf76d66.mp3*~data=user_id=0,application_id=42~hmac=84e137b29133904229e74ebb2a8b80443933961a668bc694493e25fb2e44e114"
kazakhstan,indie rock,kokke,far in gate,6.7,https://cdn-images.dzcdn.net/images/cover/1c776ada3d6d9b2c489d45679d1bd4b3/250x250-000000-80-0-0.jpg,"https://cdnt-preview.dzcdn.net/api/1/1/7/9/a/0/79a4ce34d82d4633def6ea06e08f8572.mp3?hdnea=exp=1745959504~acl=/api/1/1/7/9/a/0/79a4ce34d82d4633def6ea06e08f8572.mp3*~data=user_id=0,application_id=42~hmac=aa9f65c57117922490dd0f10ce9f39615e9d096bc639045a27e859d11a75a2a3"
kenya,indie rock,leopold,crystal axis,6.0,https://cdn-images.dzcdn.net/images/cover/53bee74acfeaadc56614f192b08d99c0/250x250-000000-80-0-0.jpg,"https://cdnt-preview.dzcdn.net/api/1/1/b/b/b/0/bbbe6f4e48ad0f5886cedc7dcbeeb8c5.mp3?hdnea=exp=1745959504~acl=/api/1/1/b/b/b/0/bbbe6f4e48ad0f5886cedc7dcbeeb8c5.mp3*~data=user_id=0,application_id=42~hmac=cb05d9de458383b8790c4983f1aa6fd34eca0f24f899f8c2817289b09d59876a"
kenya,experimental ,go with gut,kabeaushé,7.0,https://cdn-images.dzcdn.net/images/cover/3d76809a354d4966fd674d405fd8f440/250x250-000000-80-0-0.jpg,"https://cdnt-preview.dzcdn.net/api/1/1/d/4/1/0/d4135c1ea1dc9947d0d63e644d6efce6.mp3?hdnea=exp=1745959505~acl=/api/1/1/d/4/1/0/d4135c1ea1dc9947d0d63e644d6efce6.mp3*~data=user_id=0,application_id=42~hmac=59370a1064dd5efaf87ce19151ef4227f8c66c484ec741bd54964881bcfda82d"
kenya,rock,nitachange,"rash band, ruff",5.0,https://cdn-images.dzcdn.net/images/cover/f8b9811c045c8be242874169d49272a8/250x250-000000-80-0-0.jpg,"https://cdnt-preview.dzcdn.net/api/1/1/7/d/5/0/7d560b0016168597c4f6943634a6b881.mp3?hdnea=exp=1745959510~acl=/api/1/1/7/d/5/0/7d560b0016168597c4f6943634a6b881.mp3*~data=user_id=0,application_id=42~hmac=e5ce756fa23d71772d73ca9a4240103a6e53d288ef64b87a46380147ab8a074b"
kyrgyzstan,pop rock (?) ,Город-точка,gorod 312,7.0,,
latvia,experimental rock,pulkstens,mazi smirdigie kocini,7.0,,
latvia,alt rock,fabrikas meitenes dziesma,zidruns,5.0,https://cdn-images.dzcdn.net/images/cover/dda718ae370e4c088b8dc13638e6ce55/250x250-000000-80-0-0.jpg,"https://cdnt-preview.dzcdn.net/api/1/1/9/8/0/0/980a3cc20cdf0add8bdca2f698535554.mp3?hdnea=exp=1745959511~acl=/api/1/1/9/8/0/0/980a3cc20cdf0add8bdca2f698535554.mp3*~data=user_id=0,application_id=42~hmac=61746d5172df92aac019728e91c856cb246675d9308492703d53e43c527cb37e"
latvia,dream pop,i want you,tribes of the city,7.0,https://cdn-images.dzcdn.net/images/cover/8edd05b2a647a3c57370851909b3b08a/250x250-000000-80-0-0.jpg,"https://cdnt-preview.dzcdn.net/api/1/1/9/4/1/0/9418bcaa87efd835965e398c1bf7253a.mp3?hdnea=exp=1745959511~acl=/api/1/1/9/4/1/0/9418bcaa87efd835965e398c1bf7253a.mp3*~data=user_id=0,application_id=42~hmac=d32e377fbeeed666799908379961eceb415a9256f3e8b1ccb315752791c73880"
lebanon,shoegaze,feel better,bliss,7.0,https://cdn-images.dzcdn.net/images/cover/776e0d66765700fa654353c6eaba797a/250x250-000000-80-0-0.jpg,"https://cdnt-preview.dzcdn.net/api/1/1/9/c/6/0/9c6121b630886b5ee79675ddd794baf7.mp3?hdnea=exp=1745959511~acl=/api/1/1/9/c/6/0/9c6121b630886b5ee79675ddd794baf7.mp3*~data=user_id=0,application_id=42~hmac=02b168984db9b90993b11312c566b764e62d54075dc34653b9d26c55691de6a0"
luxembourg,alt rock,6th of august,holy national victims,6.5,https://cdn-images.dzcdn.net/images/cover/f8411efac0787e1584a5a432a302b0f2/250x250-000000-80-0-0.jpg,"https://cdnt-preview.dzcdn.net/api/1/1/d/f/d/0/dfd4c78a00375c3b9e2893aaa1e5c300.mp3?hdnea=exp=1745959511~acl=/api/1/1/d/f/d/0/dfd4c78a00375c3b9e2893aaa1e5c300.mp3*~data=user_id=0,application_id=42~hmac=561e9785ba9c0d40765d040411874708c2b0bb731300c961fb7afbe2a6950902"
malaysia,alt rock,bintang,statik,8.9,https://cdn-images.dzcdn.net/images/cover/d77b25b6f5bdfbd4298fb77ef1fb8e05/250x250-000000-80-0-0.jpg,"https://cdnt-preview.dzcdn.net/api/1/1/3/2/7/0/327fb18a11f37de80d1a97118e824aeb.mp3?hdnea=exp=1745959512~acl=/api/1/1/3/2/7/0/327fb18a11f37de80d1a97118e824aeb.mp3*~data=user_id=0,application_id=42~hmac=a33db6c39e00cac8c564f8154b8b5c0163a283c976a2d20363a2cf9972ea189d"
malaysia,alt rock,gelap,statik,8.5,https://cdn-images.dzcdn.net/images/cover/d77b25b6f5bdfbd4298fb77ef1fb8e05/250x250-000000-80-0-0.jpg,"https://cdnt-preview.dzcdn.net/api/1/1/5/d/7/0/5d78d321287491f0ca728ad3e9ecb7e5.mp3?hdnea=exp=1745959512~acl=/api/1/1/5/d/7/0/5d78d321287491f0ca728ad3e9ecb7e5.mp3*~data=user_id=0,application_id=42~hmac=f937714ebb0803cd8c3b632d3bce01f95d8b61365b7f8b15a93011912137fcef"
malaysia,alt rock,dia,statik,7.0,https://cdn-images.dzcdn.net/images/cover/0175ddbd3afc9efb14c2ba884ebad66d/250x250-000000-80-0-0.jpg,"https://cdnt-preview.dzcdn.net/api/1/1/e/b/2/0/eb2cd48677164d7d200f3641bbc14f5f.mp3?hdnea=exp=1745959512~acl=/api/1/1/e/b/2/0/eb2cd48677164d7d200f3641bbc14f5f.mp3*~data=user_id=0,application_id=42~hmac=5afc14f1316fec9e4f805946caf3175869816ff37e50144bced48fcf1a73a3d6"
malta,prog rock,bloodstream waterfall cannonball,eyes to argus,7.0,https://cdn-images.dzcdn.net/images/cover/89012d82be2a8e22fcda7d3d4267d29c/250x250-000000-80-0-0.jpg,"https://cdnt-preview.dzcdn.net/api/1/1/f/e/3/0/fe3d3389c076e416968b6711d91b0439.mp3?hdnea=exp=1745959512~acl=/api/1/1/f/e/3/0/fe3d3389c076e416968b6711d91b0439.mp3*~data=user_id=0,application_id=42~hmac=0616bdedb5907277cda6a71640b2d6678f7f7087c18bbbe113c229e60af58014"
mexico,indie rock,quizas no llames despues,"gusstav, joan page",7.5,https://cdn-images.dzcdn.net/images/cover/8daca3ba8987a896735735057921b699/250x250-000000-80-0-0.jpg,"https://cdnt-preview.dzcdn.net/api/1/1/3/d/2/0/3d28597aa473d2bffcca89445c42275c.mp3?hdnea=exp=1745959512~acl=/api/1/1/3/d/2/0/3d28597aa473d2bffcca89445c42275c.mp3*~data=user_id=0,application_id=42~hmac=21874b5bbb7f56a8a8de8781acca38ccc2ae156f09f237ef136cf9da8848c158"
mexico,alt rock,ya no hay verano,depresion sonora,6.5,https://cdn-images.dzcdn.net/images/cover/36ad07d13305a1189818606e3f05fb61/250x250-000000-80-0-0.jpg,"https://cdnt-preview.dzcdn.net/api/1/1/7/7/f/0/77f3ba54f648e3bad5536748c69b906d.mp3?hdnea=exp=1745959513~acl=/api/1/1/7/7/f/0/77f3ba54f648e3bad5536748c69b906d.mp3*~data=user_id=0,application_id=42~hmac=8560e8674f59a59eb6110b34da659f292f25bb68a2d37948fcbf061f1fa3aa69"
mexico,alt rock,miente,bengala,6.5,https://cdn-images.dzcdn.net/images/cover/c02ac89a49266dc98d2f0379d20b5587/250x250-000000-80-0-0.jpg,"https://cdnt-preview.dzcdn.net/api/1/1/b/5/8/0/b58e4ba3ad2cbf635e7a2fc3922098c2.mp3?hdnea=exp=1745959513~acl=/api/1/1/b/5/8/0/b58e4ba3ad2cbf635e7a2fc3922098c2.mp3*~data=user_id=0,application_id=42~hmac=2e5db600eefe70dfb2dd3941701468e6d6f3fd3ca8c06ba08e6949215114b0c0"
mexico,alt rock,eres,cafe tacvba,9.0,https://cdn-images.dzcdn.net/images/cover/8eb8bc937dc6c9a626c78cc6b4951988/250x250-000000-80-0-0.jpg,"https://cdnt-preview.dzcdn.net/api/1/1/b/1/f/0/b1f101834e1fc11a4e2a8aadc8056243.mp3?hdnea=exp=1745959513~acl=/api/1/1/b/1/f/0/b1f101834e1fc11a4e2a8aadc8056243.mp3*~data=user_id=0,application_id=42~hmac=3e6227ec7c99fdf17005928a63ee3f92916a18483eaa916c74d295e883c6c753"
moldova,metal,la ciocana,gandul matei,7.0,https://cdn-images.dzcdn.net/images/cover/ad8c41f61ceb33d47280f24a59d71758/250x250-000000-80-0-0.jpg,"https://cdnt-preview.dzcdn.net/api/1/1/b/4/6/0/b46ce208cc59feba96dbd1c1fb85ed5e.mp3?hdnea=exp=1745959513~acl=/api/1/1/b/4/6/0/b46ce208cc59feba96dbd1c1fb85ed5e.mp3*~data=user_id=0,application_id=42~hmac=81a10c11f82609f06fb1de2a486cc129cdd9d6eb94c811461a32e2a01ffceb0d"
moldova,rock,cocori,alternosfera,7.5,https://cdn-images.dzcdn.net/images/cover/c36bc8ac3e1a3737668ca95d1064a330/250x250-000000-80-0-0.jpg,"https://cdnt-preview.dzcdn.net/api/1/1/4/b/9/0/4b9d682672b438b2fefbdcaec4b96a60.mp3?hdnea=exp=1745959514~acl=/api/1/1/4/b/9/0/4b9d682672b438b2fefbdcaec4b96a60.mp3*~data=user_id=0,application_id=42~hmac=bab35b9caac91832174e74fdacb0d67c04a789c1b5d88b118cba2203091724d7"
mongolia,rock,tuurugdul,orshihui,7.0,https://cdn-images.dzcdn.net/images/cover/a8642f55b0b5d88005e5739c196185d0/250x250-000000-80-0-0.jpg,"https://cdnt-preview.dzcdn.net/api/1/1/4/8/7/0/4872e5818fe5db36523eca7bb17008d0.mp3?hdnea=exp=1745959514~acl=/api/1/1/4/8/7/0/4872e5818fe5db36523eca7bb17008d0.mp3*~data=user_id=0,application_id=42~hmac=50b99472774b26383583b251669fd9bd53dc5bb38f50c246e03dd69013dfccc6"
morocco,punk,aisha qandisha,taqbir,7.0,https://cdn-images.dzcdn.net/images/cover/e3f4a1d64ac63267965f262ca4264954/250x250-000000-80-0-0.jpg,"https://cdnt-preview.dzcdn.net/api/1/1/8/0/3/0/80365dfd2ad6d0c20d83278874bfa956.mp3?hdnea=exp=1745959514~acl=/api/1/1/8/0/3/0/80365dfd2ad6d0c20d83278874bfa956.mp3*~data=user_id=0,application_id=42~hmac=1687393fb4ac6c98ad85082ae1e5aa58b53e4cac1994133481e00de70d5b9257"
morocco,punk,sma3,taqbir,8.0,https://cdn-images.dzcdn.net/images/cover/e3f4a1d64ac63267965f262ca4264954/250x250-000000-80-0-0.jpg,"https://cdnt-preview.dzcdn.net/api/1/1/6/6/2/0/662b5fc22795d7227d30c106bfdff540.mp3?hdnea=exp=1745959515~acl=/api/1/1/6/6/2/0/662b5fc22795d7227d30c106bfdff540.mp3*~data=user_id=0,application_id=42~hmac=53ae5d4ff2e02731c72ab6b976acc7c92cd0f431b5a664bc022170659410eeb7"
myanmar,rock,chan khae,idiots,9.5,https://cdn-images.dzcdn.net/images/cover/eafeb788d09970b5f2e9114feaf275a0/250x250-000000-80-0-0.jpg,"https://cdnt-preview.dzcdn.net/api/1/1/5/4/1/0/5415165bf72f769750ac61cb84ce56c1.mp3?hdnea=exp=1745959515~acl=/api/1/1/5/4/1/0/5415165bf72f769750ac61cb84ce56c1.mp3*~data=user_id=0,application_id=42~hmac=8a812a9562e62369821f5c06798719dcce8057f56692b11ee4d09424bb2db314"
myanmar,rock,a date pal,idiots,8.0,https://cdn-images.dzcdn.net/images/cover/eafeb788d09970b5f2e9114feaf275a0/250x250-000000-80-0-0.jpg,"https://cdnt-preview.dzcdn.net/api/1/1/5/7/0/0/570a088a29259f6275a600d4fdf35c07.mp3?hdnea=exp=1745959516~acl=/api/1/1/5/7/0/0/570a088a29259f6275a600d4fdf35c07.mp3*~data=user_id=0,application_id=42~hmac=e10a17f8540b012190541446119c7eaab3b3e359421dc2e89ae381972940f040"
myanmar,rock,htet ma pay nae tot,idiots,8.7,https://cdn-images.dzcdn.net/images/cover/9e0b88a3883e7dd346984083ae0e5611/250x250-000000-80-0-0.jpg,"https://cdnt-preview.dzcdn.net/api/1/1/4/a/b/0/4abddeac2f124b84edd9b33c0d223711.mp3?hdnea=exp=1745959516~acl=/api/1/1/4/a/b/0/4abddeac2f124b84edd9b33c0d223711.mp3*~data=user_id=0,application_id=42~hmac=e18e001b35ca5ccfd194dbdf02f108701869ae9558ec20279906e71e88cd5acc"
namibia,garage rock,over this,penilane,7.0,https://cdn-images.dzcdn.net/images/cover/2580b3d175ffb5b33942d2c1ecec0cef/250x250-000000-80-0-0.jpg,"https://cdnt-preview.dzcdn.net/api/1/1/0/d/0/0/0d0c50be71af9310280b9a6ca2f34b0d.mp3?hdnea=exp=1745959516~acl=/api/1/1/0/d/0/0/0d0c50be71af9310280b9a6ca2f34b0d.mp3*~data=user_id=0,application_id=42~hmac=c9e4457c9e51552fda622e8352aeaa15dd1a3448002053f4708d4d16de19a43e"
netherlands,rock,summerdaze,daryll-ann,7.8,https://cdn-images.dzcdn.net/images/cover/e8d0a36301258a66a2fa499343687857/250x250-000000-80-0-0.jpg,"https://cdnt-preview.dzcdn.net/api/1/1/0/e/5/0/0e5f8ec1bc192d270d835fa8e0eb7e44.mp3?hdnea=exp=1745959517~acl=/api/1/1/0/e/5/0/0e5f8ec1bc192d270d835fa8e0eb7e44.mp3*~data=user_id=0,application_id=42~hmac=2085d36f76aed71526451e534ef33ce478e4f28de14603b5113a975f54ee647d"
netherlands,indie rock,misery galore,bettie serveert,9.0,,
netherlands,indie rock,fallen foster,bettie serveert,9.5,https://cdn-images.dzcdn.net/images/cover/de23af743c4fd64d1584417e99991e41/250x250-000000-80-0-0.jpg,"https://cdnt-preview.dzcdn.net/api/1/1/6/2/a/0/62ab7bbe26e867baec6c2b96ffa5b355.mp3?hdnea=exp=1745959517~acl=/api/1/1/6/2/a/0/62ab7bbe26e867baec6c2b96ffa5b355.mp3*~data=user_id=0,application_id=42~hmac=eeeb9675c457a589cdacd4dfdd944fc45a649431c8dd9ac51fd9bb45d9b9271a"
netherlands,indie rock,rudder,bettie serveert,9.0,https://cdn-images.dzcdn.net/images/cover/de23af743c4fd64d1584417e99991e41/250x250-000000-80-0-0.jpg,"https://cdnt-preview.dzcdn.net/api/1/1/2/1/3/0/213b3df6441059390551d27b3ea9fdea.mp3?hdnea=exp=1745959517~acl=/api/1/1/2/1/3/0/213b3df6441059390551d27b3ea9fdea.mp3*~data=user_id=0,application_id=42~hmac=0c67983a10bf11ca7ba33f596e2b65489b6f6879a3e361a50da1474bf7c0f76e"
netherlands,indie rock,geek,bettie serveert,8.6,,
north macedonia,alt rock,peski nakaj doma,Дивоградба (divogradka),9.0,,
nigeria,rock,amin,clayrocksu,6.7,https://cdn-images.dzcdn.net/images/cover/166fb684b56c419124784f96a8a8f8aa/250x250-000000-80-0-0.jpg,"https://cdnt-preview.dzcdn.net/api/1/1/f/5/6/0/f5670bc6be57c6b986b72651bafb29b2.mp3?hdnea=exp=1745959518~acl=/api/1/1/f/5/6/0/f5670bc6be57c6b986b72651bafb29b2.mp3*~data=user_id=0,application_id=42~hmac=101d4c1fe46af2e51abfb4838581dd7a7b863bd9624f4d32087159d8301eeb2a"
nigeria,rock,oge,clayrocksu,7.0,https://cdn-images.dzcdn.net/images/cover/d4c227014d5a15fa090d2f149a660e6f/250x250-000000-80-0-0.jpg,"https://cdnt-preview.dzcdn.net/api/1/1/0/3/c/0/03c65482e44f5a6ef76f8990aa72fc83.mp3?hdnea=exp=1745959519~acl=/api/1/1/0/3/c/0/03c65482e44f5a6ef76f8990aa72fc83.mp3*~data=user_id=0,application_id=42~hmac=a2bdd65172be677fc2db908b6756885fc06933bab7eb50579f610565a6d9301a"
norway,indie rock,pie in the sky,drape,7.5,https://cdn-images.dzcdn.net/images/cover/a10643d6abac194b1e57c023abf83d8a/250x250-000000-80-0-0.jpg,"https://cdnt-preview.dzcdn.net/api/1/1/8/1/a/0/81a49b2a50ffb4a49763ab57ba1ebdce.mp3?hdnea=exp=1745959519~acl=/api/1/1/8/1/a/0/81a49b2a50ffb4a49763ab57ba1ebdce.mp3*~data=user_id=0,application_id=42~hmac=d88b1b72604ffa728085a98f265d7d58cfab8f7fc1293f6c4e3b010b0fa07950"
pakistan,shoegaze,children,//orangenoise,8.8,https://cdn-images.dzcdn.net/images/cover/2c289622265f01582e6807a6224d5ecf/250x250-000000-80-0-0.jpg,"https://cdnt-preview.dzcdn.net/api/1/1/2/a/1/0/2a123a16f3fb43ef27fe93288a9b3110.mp3?hdnea=exp=1745959519~acl=/api/1/1/2/a/1/0/2a123a16f3fb43ef27fe93288a9b3110.mp3*~data=user_id=0,application_id=42~hmac=81cdd57195b152646663d3ba50532934108f50a447bd48e73763f0792647a238"
paraguay,shoegaze,erratico,rosefield,7.0,https://cdn-images.dzcdn.net/images/cover/8f059980c5f1b83a21f50d3dd233539e/250x250-000000-80-0-0.jpg,"https://cdnt-preview.dzcdn.net/api/1/1/3/a/9/0/3a94589cba044e352a4058371fce1be4.mp3?hdnea=exp=1745959519~acl=/api/1/1/3/a/9/0/3a94589cba044e352a4058371fce1be4.mp3*~data=user_id=0,application_id=42~hmac=5ed820f013e1fe2d9f2f2273c119d495858ffa936e5f6d9900abbed7a2e94fa2"
peru,alt rock,temor (olivo),claustrofobicos,7.0,https://cdn-images.dzcdn.net/images/cover/bb30def22768734bdac138668fb4d8f5/250x250-000000-80-0-0.jpg,"https://cdnt-preview.dzcdn.net/api/1/1/5/f/9/0/5f9e8ac241c9a6fa59ac0afe8af97edc.mp3?hdnea=exp=1745959519~acl=/api/1/1/5/f/9/0/5f9e8ac241c9a6fa59ac0afe8af97edc.mp3*~data=user_id=0,application_id=42~hmac=8ac49c58d6a95708fc1786ff3b5bd43a41f62fb7975f9ca0e5115ce683a2b94d"
peru,math rock,satisfuckcion,procrastinacion 1 yo 0,7.0,https://cdn-images.dzcdn.net/images/cover/8f134d3af1d1ab42b389c29b078b8c4b/250x250-000000-80-0-0.jpg,"https://cdnt-preview.dzcdn.net/api/1/1/8/a/1/0/8a1b950479044557a88be58128efe4fc.mp3?hdnea=exp=1745959520~acl=/api/1/1/8/a/1/0/8a1b950479044557a88be58128efe4fc.mp3*~data=user_id=0,application_id=42~hmac=8ea310d0a843568532cfe4866c1b5f93bc69c35b032835bca2193a2f37e5863c"
peru,math rock,dos,procrastinacion 1 yo 0,7.0,https://cdn-images.dzcdn.net/images/cover/8f134d3af1d1ab42b389c29b078b8c4b/250x250-000000-80-0-0.jpg,"https://cdnt-preview.dzcdn.net/api/1/1/f/3/b/0/f3b776a5dfe0a6ba66b60a0bdf9357e0.mp3?hdnea=exp=1745959520~acl=/api/1/1/f/3/b/0/f3b776a5dfe0a6ba66b60a0bdf9357e0.mp3*~data=user_id=0,application_id=42~hmac=f7f1a18537f8b1c7b474550fa20e058f9b50354936de09b60117f9d20b7382cb"
philippines,indie rock,the chase,as silent as the forest,8.3,https://cdn-images.dzcdn.net/images/cover/717b16efdcbe859567fe39ab8e423b45/250x250-000000-80-0-0.jpg,"https://cdnt-preview.dzcdn.net/api/1/1/b/c/9/0/bc9ae497119d296fd5d80255877e3ed1.mp3?hdnea=exp=1745959520~acl=/api/1/1/b/c/9/0/bc9ae497119d296fd5d80255877e3ed1.mp3*~data=user_id=0,application_id=42~hmac=765b2e9475e6599538ffc8efc05b72f75d8019b34a20ab90fa78a993add158d1"
poland,alt rock,to nie byw film,myslovitz,7.5,https://cdn-images.dzcdn.net/images/cover/7317097ccab3e4f4c4c2385292d805f5/250x250-000000-80-0-0.jpg,"https://cdnt-preview.dzcdn.net/api/1/1/5/a/9/0/5a9b0b1382db60bbd01ffacb65639338.mp3?hdnea=exp=1745959520~acl=/api/1/1/5/a/9/0/5a9b0b1382db60bbd01ffacb65639338.mp3*~data=user_id=0,application_id=42~hmac=3e5463c4d6f912b0b0b0f097123b77163221a255286fabac6c55e9a4b2f461ea"
portugal,indie rock,o vento,los hermanos,8.0,https://cdn-images.dzcdn.net/images/cover/23d3be92940f73ffa1e889d919a0fb19/250x250-000000-80-0-0.jpg,"https://cdnt-preview.dzcdn.net/api/1/1/2/f/e/0/2fee678ef5d6ebdd9e6904f65cd792fa.mp3?hdnea=exp=1745959520~acl=/api/1/1/2/f/e/0/2fee678ef5d6ebdd9e6904f65cd792fa.mp3*~data=user_id=0,application_id=42~hmac=2fbc25d970406774a88a27281ca1a8808816f4c85bd154ded9c44f88a975f4ab"
portugal,dark wave rock,pale,aenima,8.0,https://cdn-images.dzcdn.net/images/cover/8606263153a95df9830c52774a5b07d7/250x250-000000-80-0-0.jpg,"https://cdnt-preview.dzcdn.net/api/1/1/f/a/6/0/fa6fc931435ca83c0dbe783a2f36d270.mp3?hdnea=exp=1745959520~acl=/api/1/1/f/a/6/0/fa6fc931435ca83c0dbe783a2f36d270.mp3*~data=user_id=0,application_id=42~hmac=afaaf719c82d27a9c1a89762ed7137c9080357db0d3875c9f85d61311dd91602"
russia,alt rock,untitled,franco,8.3,https://cdn-images.dzcdn.net/images/cover/dcbc4fb1a6a76ad0d586a7b8971ac70f/250x250-000000-80-0-0.jpg,"https://cdnt-preview.dzcdn.net/api/1/1/f/6/d/0/f6daddac1132957dc2301a7f0d553b9d.mp3?hdnea=exp=1745959521~acl=/api/1/1/f/6/d/0/f6daddac1132957dc2301a7f0d553b9d.mp3*~data=user_id=0,application_id=42~hmac=d844ae2a05d24619efc12cd5ca5920952b9fda7175b6308d23ce1a991d9edab8"
russia,math rock,Погребок ,franco,8.3,https://cdn-images.dzcdn.net/images/cover/e125ac1e773f4c73d9680f7c7b79a637/250x250-000000-80-0-0.jpg,"https://cdnt-preview.dzcdn.net/api/1/1/2/d/5/0/2d5d941a7d925b6606c866fbdabec0b5.mp3?hdnea=exp=1745959521~acl=/api/1/1/2/d/5/0/2d5d941a7d925b6606c866fbdabec0b5.mp3*~data=user_id=0,application_id=42~hmac=92af50cdae035569b8b0f211a99a06d8b4a4d7e77821f96b28ed09d90cb48a1b"
saudi arabia,alt rock,mouj al bahar,seera,7.0,https://cdn-images.dzcdn.net/images/cover/dfb03eb3e0aa52c046376bfe13e625b4/250x250-000000-80-0-0.jpg,"https://cdnt-preview.dzcdn.net/api/1/1/f/8/a/0/f8a30c1285058bad5d98d4a88ac9ff3e.mp3?hdnea=exp=1745959521~acl=/api/1/1/f/8/a/0/f8a30c1285058bad5d98d4a88ac9ff3e.mp3*~data=user_id=0,application_id=42~hmac=14ff8eddc4679cc5212446687e923760ad3f5087f5cbe371cd1dec538aa86cdb"
united kingdom,shoegaze,bliss,dallas love field,8.8,https://cdn-images.dzcdn.net/images/cover/a69a22becc918d0aac356f7fc9969e24/250x250-000000-80-0-0.jpg,"https://cdnt-preview.dzcdn.net/api/1/1/4/f/3/0/4f32fa605e619438941de55d590c2a20.mp3?hdnea=exp=1745959521~acl=/api/1/1/4/f/3/0/4f32fa605e619438941de55d590c2a20.mp3*~data=user_id=0,application_id=42~hmac=4c8db6fe1b790298bbc1c5c90577724d59c8789db6abfd8e3aa0cd12a49e3272"
republic of serbia,indie rock,svet se menja,proto tip,6.0,https://cdn-images.dzcdn.net/images/cover/4707452cd5ded41525eea6a9af55276b/250x250-000000-80-0-0.jpg,"https://cdnt-preview.dzcdn.net/api/1/1/0/6/a/0/06a0853900cca50067c4cb7ce0ea688c.mp3?hdnea=exp=1745959521~acl=/api/1/1/0/6/a/0/06a0853900cca50067c4cb7ce0ea688c.mp3*~data=user_id=0,application_id=42~hmac=31a354ef9ade33d70189745a16951993ad85ec06ef9db8617c33e4d91ed9e59b"
slovakia,indie rock,smazka,pipesh,7.7,https://cdn-images.dzcdn.net/images/cover/b68e5ead1afaed86b3f986689f6790aa/250x250-000000-80-0-0.jpg,"https://cdnt-preview.dzcdn.net/api/1/1/3/c/5/0/3c53ee2dc025e0d486e7f2df78fc8310.mp3?hdnea=exp=1745959522~acl=/api/1/1/3/c/5/0/3c53ee2dc025e0d486e7f2df78fc8310.mp3*~data=user_id=0,application_id=42~hmac=427bb431b19d3723ab1f9ffdcfba207c4456bc5f503b8aa99c0e534efb1667eb"
slovenia,indie rock,umazane misli,joker out,7.5,https://cdn-images.dzcdn.net/images/cover/0378ac17740425b44d92c4991afb7b2c/250x250-000000-80-0-0.jpg,"https://cdnt-preview.dzcdn.net/api/1/1/9/4/f/0/94f098da77ee9a7eb9b81d7dfda5ae98.mp3?hdnea=exp=1745959522~acl=/api/1/1/9/4/f/0/94f098da77ee9a7eb9b81d7dfda5ae98.mp3*~data=user_id=0,application_id=42~hmac=ce562bd9f504ca1fdf6d9504df1c9519309c2817a9ec9428e94c00bf13a77e76"
slovenia,indie rock,omni,before time,7.0,https://cdn-images.dzcdn.net/images/cover/8cb2ee24a4d4f2d5780b5ea3f54b83b8/250x250-000000-80-0-0.jpg,"https://cdnt-preview.dzcdn.net/api/1/1/1/3/2/0/132e5d168035b81b770fa5e0510f1477.mp3?hdnea=exp=1745959527~acl=/api/1/1/1/3/2/0/132e5d168035b81b770fa5e0510f1477.mp3*~data=user_id=0,application_id=42~hmac=da46e13089312275626a88dde432d9c7b9cdf25b78a82c7dc86e0c32e759c3ca"
spain,alt rock,truce,belako,8.9,https://cdn-images.dzcdn.net/images/cover/62eb766bf077e5d6c1a33c80fd74642a/250x250-000000-80-0-0.jpg,"https://cdnt-preview.dzcdn.net/api/1/1/1/4/1/0/1413cbf16f467b689db6efd9bc009142.mp3?hdnea=exp=1745959527~acl=/api/1/1/1/4/1/0/1413cbf16f467b689db6efd9bc009142.mp3*~data=user_id=0,application_id=42~hmac=57e7e5bbc0720bf960774da58dad93fd297a0aa8e9a5373e85172cb1956a294e"
spain,alt rock,saguzarren kanta,belako,8.9,https://cdn-images.dzcdn.net/images/cover/28dcc309b124836974da98bbe2a2311d/250x250-000000-80-0-0.jpg,"https://cdnt-preview.dzcdn.net/api/1/1/9/c/3/0/9c3cdd81d22cc38999767a57860d572c.mp3?hdnea=exp=1745959527~acl=/api/1/1/9/c/3/0/9c3cdd81d22cc38999767a57860d572c.mp3*~data=user_id=0,application_id=42~hmac=7c8ea16c70280701dbc9e2ff7cde5e2f98e653c4b0287f2ade52c3977ba25dad"
singapore,indie rock,jazz ruined my life,forests,9.5,https://cdn-images.dzcdn.net/images/cover/fab46b37dee0cf62b9fb1cf7d95af39d/250x250-000000-80-0-0.jpg,"https://cdnt-preview.dzcdn.net/api/1/1/0/c/f/0/0cf63f4f614ad8eafa739706b8b39447.mp3?hdnea=exp=1745959528~acl=/api/1/1/0/c/f/0/0cf63f4f614ad8eafa739706b8b39447.mp3*~data=user_id=0,application_id=42~hmac=4a90946975b103a3884548605c8e87177ae86fc2da8078a7ae5024ae10ef9436"
singapore,indie rock,fool of hell,forests,8.0,https://cdn-images.dzcdn.net/images/cover/fab46b37dee0cf62b9fb1cf7d95af39d/250x250-000000-80-0-0.jpg,"https://cdnt-preview.dzcdn.net/api/1/1/2/f/a/0/2fa6caa48585b6143d7ea723acc36856.mp3?hdnea=exp=1745959528~acl=/api/1/1/2/f/a/0/2fa6caa48585b6143d7ea723acc36856.mp3*~data=user_id=0,application_id=42~hmac=c69d7d47820ce52bbca9993dccceda25fd6079d18d7e816726e15cac6d236f7b"
singapore,indie rock,come clean,blush,8.5,https://cdn-images.dzcdn.net/images/cover/3e57d8c6f55990e5efdc89f410f7f851/250x250-000000-80-0-0.jpg,"https://cdnt-preview.dzcdn.net/api/1/1/4/9/d/0/49d0c5c700d0a8c72f87a91cdb19cec5.mp3?hdnea=exp=1745959528~acl=/api/1/1/4/9/d/0/49d0c5c700d0a8c72f87a91cdb19cec5.mp3*~data=user_id=0,application_id=42~hmac=20b5ab32d57f976c24ca15d94294fa7a0d941f0016fcc9663957ebc78dc81ba6"
singapore,midwest emo  ,fruitcake ,subsonic eye,9.0,https://cdn-images.dzcdn.net/images/cover/6d7e3c5b11df110dc26b09b9d76dd162/250x250-000000-80-0-0.jpg,"https://cdnt-preview.dzcdn.net/api/1/1/9/e/1/0/9e142359d87d5aa644cb92354d186bd2.mp3?hdnea=exp=1745959528~acl=/api/1/1/9/e/1/0/9e142359d87d5aa644cb92354d186bd2.mp3*~data=user_id=0,application_id=42~hmac=0abdafdb1e1f305018dc89228dffa98da4c811d1acd67fe850f309b1cce1a098"
singapore,alternative,best friend,blush,8.8,https://cdn-images.dzcdn.net/images/cover/f204e33b0e2b1a402f54bba173943583/250x250-000000-80-0-0.jpg,"https://cdnt-preview.dzcdn.net/api/1/1/b/3/9/0/b393b7d5fc74144bd8556f72770b5aa0.mp3?hdnea=exp=1745959528~acl=/api/1/1/b/3/9/0/b393b7d5fc74144bd8556f72770b5aa0.mp3*~data=user_id=0,application_id=42~hmac=969bfd56bbd9f2c9c959f054193d7c80ec0a0f5501ff31c496b317d43b026c6a"
singapore,midwest emo,stranded,subsonic eye,8.6,https://cdn-images.dzcdn.net/images/cover/b1633617c858055a9de0495a85fe8c0e/250x250-000000-80-0-0.jpg,"https://cdnt-preview.dzcdn.net/api/1/1/4/b/6/0/4b628f69c48ff9a73a1f9b2091ac65b5.mp3?hdnea=exp=1745959528~acl=/api/1/1/4/b/6/0/4b628f69c48ff9a73a1f9b2091ac65b5.mp3*~data=user_id=0,application_id=42~hmac=47da6d74cc3df0d884bb0812c53d92c05f6b1bed6d0501c6bb5a740ce40e6452"
singapore,midwest emo,cabin fever,subsonic eye,8.8,https://cdn-images.dzcdn.net/images/cover/6d7e3c5b11df110dc26b09b9d76dd162/250x250-000000-80-0-0.jpg,"https://cdnt-preview.dzcdn.net/api/1/1/1/3/e/0/13ecb0be56eb53f80a8d543fc9ce23bd.mp3?hdnea=exp=1745959528~acl=/api/1/1/1/3/e/0/13ecb0be56eb53f80a8d543fc9ce23bd.mp3*~data=user_id=0,application_id=42~hmac=e80d1879f0e95477d4832fe43f799352d02a7d0286e12fdf02693884b0801066"
south africa,pop rock (?) ,cokehead,internet girl,9.5,https://cdn-images.dzcdn.net/images/cover/3c52425635dc4b06908e8c5caa660946/250x250-000000-80-0-0.jpg,"https://cdnt-preview.dzcdn.net/api/1/1/6/1/d/0/61d268c4d0b0d41246c8f11203c98b1a.mp3?hdnea=exp=1745959529~acl=/api/1/1/6/1/d/0/61d268c4d0b0d41246c8f11203c98b1a.mp3*~data=user_id=0,application_id=42~hmac=4b735ac4efcf795ddef8fa5360e4bfa9ba60609bbe53882d6566831877b3175f"
south korea,indie rock,there there,crystal tea,8.5,https://cdn-images.dzcdn.net/images/cover/36f5ba348cc822b74c0dee063368bb82/250x250-000000-80-0-0.jpg,"https://cdnt-preview.dzcdn.net/api/1/1/f/9/0/0/f90d75963e53c50c42d456ec62f39712.mp3?hdnea=exp=1745959529~acl=/api/1/1/f/9/0/0/f90d75963e53c50c42d456ec62f39712.mp3*~data=user_id=0,application_id=42~hmac=11f3a9974853b69827e5043464a31af254d92490ce48d41b90f6b7488d460050"
south korea,shoegaze,beautiful world,parannoul,9.8,https://cdn-images.dzcdn.net/images/cover/a47abbc73a5db7a2b3df94c5fc721c7b/250x250-000000-80-0-0.jpg,"https://cdnt-preview.dzcdn.net/api/1/1/4/3/7/0/43743e39fc0e48ae65221b82c55313af.mp3?hdnea=exp=1745959529~acl=/api/1/1/4/3/7/0/43743e39fc0e48ae65221b82c55313af.mp3*~data=user_id=0,application_id=42~hmac=0a3a9ccfb80a853f408c5749049ec1cf1f7f4652181a357f0a84ac8096e18266"
sri lanka,funk,sticky like glue,the soul,8.0,https://cdn-images.dzcdn.net/images/cover/4d2124097ebbbd051d2bd31fe7c32ccd/250x250-000000-80-0-0.jpg,"https://cdnt-preview.dzcdn.net/api/1/1/7/3/1/0/7312fbaf24c147cfa5b92a86252e5357.mp3?hdnea=exp=1745959529~acl=/api/1/1/7/3/1/0/7312fbaf24c147cfa5b92a86252e5357.mp3*~data=user_id=0,application_id=42~hmac=880338411c85ecdddd544c7a8007c4eb974fa7ac7c2c5c61977c6d8296d5a8c7"
sweden,alt rock,om du var har,kent,10.0,https://cdn-images.dzcdn.net/images/cover/6ecf74293cd11f7bab8af2728a0d1a27/250x250-000000-80-0-0.jpg,"https://cdnt-preview.dzcdn.net/api/1/1/5/2/b/0/52b71bbb3e9816bb1c7234f4062e99b9.mp3?hdnea=exp=1745959529~acl=/api/1/1/5/2/b/0/52b71bbb3e9816bb1c7234f4062e99b9.mp3*~data=user_id=0,application_id=42~hmac=475d8795132752bb9c57bdf3c49444758a5de6b003ff72a866c051decbae680c"
sweden,alt rock,waterproof,minute,8.5,https://cdn-images.dzcdn.net/images/cover/c43cbae29f63cd7259788bea10671a19/250x250-000000-80-0-0.jpg,"https://cdnt-preview.dzcdn.net/api/1/1/8/4/b/0/84b6f9977b515cbcee95e3fc72e34485.mp3?hdnea=exp=1745959529~acl=/api/1/1/8/4/b/0/84b6f9977b515cbcee95e3fc72e34485.mp3*~data=user_id=0,application_id=42~hmac=31dcba0d843a013058b8d49107319127e2c70b5d7a25e7d93b793cc8f49acf8f"
sweden,alt rock,i wanna be your secret,minute,8.5,https://cdn-images.dzcdn.net/images/cover/681719f9842536ea2146365f38e73a6d/250x250-000000-80-0-0.jpg,"https://cdnt-preview.dzcdn.net/api/1/1/6/b/4/0/6b4027f1f9e9962523a2994a45de4ffb.mp3?hdnea=exp=1745959529~acl=/api/1/1/6/b/4/0/6b4027f1f9e9962523a2994a45de4ffb.mp3*~data=user_id=0,application_id=42~hmac=c3b699402fda00b96f7295e7eab8092085e5c3fef5a31443b2d139d6ca29c813"
sweden,noise rock,tärd,trachimbod,10.0,https://cdn-images.dzcdn.net/images/cover/9c1a94f2861a274bc7a294fb668288cf/250x250-000000-80-0-0.jpg,"https://cdnt-preview.dzcdn.net/api/1/1/d/c/f/0/dcf6fe9c3680f867ee9b25fd79e02fa6.mp3?hdnea=exp=1745959530~acl=/api/1/1/d/c/f/0/dcf6fe9c3680f867ee9b25fd79e02fa6.mp3*~data=user_id=0,application_id=42~hmac=dd6512a50d89251892b2ff809a57317bdc6446fb86fbce489a2c29f75c160432"
sweden,alt rock,things she said,kent,10.0,https://cdn-images.dzcdn.net/images/cover/6ecf74293cd11f7bab8af2728a0d1a27/250x250-000000-80-0-0.jpg,"https://cdnt-preview.dzcdn.net/api/1/1/c/d/4/0/cd45782b92eda28d056dc7e5269e0097.mp3?hdnea=exp=1745959530~acl=/api/1/1/c/d/4/0/cd45782b92eda28d056dc7e5269e0097.mp3*~data=user_id=0,application_id=42~hmac=a0369c248e0f1638ad52345a6c131298bb4b7ccb50d14acc50612faedba3ca0e"
sweden,alt rock,if you were here,kent,10.0,https://cdn-images.dzcdn.net/images/cover/6ecf74293cd11f7bab8af2728a0d1a27/250x250-000000-80-0-0.jpg,"https://cdnt-preview.dzcdn.net/api/1/1/2/7/4/0/274afd065acce96cc6b2194f463642de.mp3?hdnea=exp=1745959530~acl=/api/1/1/2/7/4/0/274afd065acce96cc6b2194f463642de.mp3*~data=user_id=0,application_id=42~hmac=9ec43623c18a258b605812276423d123e0cc4822b20ddac1e53a44a320655a2d"
sweden,alternative,owc,kent,9.6,https://cdn-images.dzcdn.net/images/cover/6ecf74293cd11f7bab8af2728a0d1a27/250x250-000000-80-0-0.jpg,"https://cdnt-preview.dzcdn.net/api/1/1/e/8/1/0/e81ec0155e0982d3fe5f547878d1f7bf.mp3?hdnea=exp=1745959530~acl=/api/1/1/e/8/1/0/e81ec0155e0982d3fe5f547878d1f7bf.mp3*~data=user_id=0,application_id=42~hmac=1c09a5208c1d02063e00453e1d798673766aa1c290c36f977858cbcd56c32ac2"
switzerland,alt rock,new in colors,favez,9.0,https://cdn-images.dzcdn.net/images/cover/494f0274bd7d1b931e98a8b7d78926ab/250x250-000000-80-0-0.jpg,"https://cdnt-preview.dzcdn.net/api/1/1/4/3/a/0/43a4d864620105ffc193b2ac0d570597.mp3?hdnea=exp=1745959530~acl=/api/1/1/4/3/a/0/43a4d864620105ffc193b2ac0d570597.mp3*~data=user_id=0,application_id=42~hmac=1e497114c76e4ea9456424475177985481c35aba384e705e5cd59cea3f977024"
switzerland,alt rock,headed for the ocean,favez,8.8,https://cdn-images.dzcdn.net/images/cover/b30aaa30d1da34782b500ed18cf66b55/250x250-000000-80-0-0.jpg,"https://cdnt-preview.dzcdn.net/api/1/1/4/f/3/0/4f320dab346d433bd78070f30457d1fa.mp3?hdnea=exp=1745959530~acl=/api/1/1/4/f/3/0/4f320dab346d433bd78070f30457d1fa.mp3*~data=user_id=0,application_id=42~hmac=e484fb60f0669f5a5279f96e800c70b58015ae06d0dee58c30b0862d27251974"
switzerland,alt rock,chasing honesty,favez,7.0,https://cdn-images.dzcdn.net/images/cover/c53fa385da7204ee23833a2b46929a6c/250x250-000000-80-0-0.jpg,"https://cdnt-preview.dzcdn.net/api/1/1/4/4/f/0/44f393daa5dec1f3526a8e55227c51e1.mp3?hdnea=exp=1745959531~acl=/api/1/1/4/4/f/0/44f393daa5dec1f3526a8e55227c51e1.mp3*~data=user_id=0,application_id=42~hmac=f8015a9d87c162b3901c3e8ac56fac94f49e7c33b4519854a0b46d38b84f833d"
taiwan,alt rock,爛泥,no party for cao dong,8.5,,
taiwan,alt rock,da feng chui,no party for cao dong,9.0,,
thailand,pop/indie rock(?),get up,kiki,7.0,https://cdn-images.dzcdn.net/images/cover/b8501252a321f23f9cfe1a5c120e70cf/250x250-000000-80-0-0.jpg,"https://cdnt-preview.dzcdn.net/api/1/1/b/d/2/0/bd21ec5d47ad7838dda2eccde09f35a7.mp3?hdnea=exp=1745959531~acl=/api/1/1/b/d/2/0/bd21ec5d47ad7838dda2eccde09f35a7.mp3*~data=user_id=0,application_id=42~hmac=a2a6c1302e1e5c50449919aa17f45a296248f1436e2595533587c603f8c62049"
thailand,indie rock,let me go,yonlapa,8.0,https://cdn-images.dzcdn.net/images/cover/2a3a0e5e88a6f15cb9be106472ffa85b/250x250-000000-80-0-0.jpg,"https://cdnt-preview.dzcdn.net/api/1/1/7/a/a/0/7aaf675361f4ded830c298d12d45e4f9.mp3?hdnea=exp=1745959531~acl=/api/1/1/7/a/a/0/7aaf675361f4ded830c298d12d45e4f9.mp3*~data=user_id=0,application_id=42~hmac=c23b8e868f061943db9e6ece599717f225603d8702f1d85b5dd94634a176c202"
thailand,indie rock,i'm just like that,yonlapa,7.8,https://cdn-images.dzcdn.net/images/cover/19a94fdd9b175161db1dbe98b33d143b/250x250-000000-80-0-0.jpg,"https://cdnt-preview.dzcdn.net/api/1/1/a/4/6/0/a467565bb9b333921457197bfdf0186b.mp3?hdnea=exp=1745959531~acl=/api/1/1/a/4/6/0/a467565bb9b333921457197bfdf0186b.mp3*~data=user_id=0,application_id=42~hmac=d048f6baac8b49be92096b5a2402f1b37acfb9bf94cfd0fce26a4e16797c76f8"
tunisia,shoegaze,sleep cycle,retrieval,7.0,https://cdn-images.dzcdn.net/images/cover/cf0fb2b1da52e9e442fd993ee256f4d4/250x250-000000-80-0-0.jpg,"https://cdnt-preview.dzcdn.net/api/1/1/d/d/1/0/dd16e93cb04793c32ae2c8105640fa42.mp3?hdnea=exp=1745959531~acl=/api/1/1/d/d/1/0/dd16e93cb04793c32ae2c8105640fa42.mp3*~data=user_id=0,application_id=42~hmac=84ca3e1f61e62993c4c8eaa545e24b58325fca086fe3de67c7b31c9d6d62a501"
tunisia,shoegaze,away,retrieval,7.0,https://cdn-images.dzcdn.net/images/cover/cf0fb2b1da52e9e442fd993ee256f4d4/250x250-000000-80-0-0.jpg,"https://cdnt-preview.dzcdn.net/api/1/1/0/7/7/0/07731a41572cf25974cb00b7fafda7c9.mp3?hdnea=exp=1745959532~acl=/api/1/1/0/7/7/0/07731a41572cf25974cb00b7fafda7c9.mp3*~data=user_id=0,application_id=42~hmac=b4d13dc8540d3256575c793c89aa856a901bf4859ea73c3e168e0fcf845633cb"
turkey,alt rock,bir kadın Çizeceksin,maNga,10.0,https://cdn-images.dzcdn.net/images/cover/4e1d47cf51bb4636b07bd7c55245f58d/250x250-000000-80-0-0.jpg,"https://cdnt-preview.dzcdn.net/api/1/1/2/7/3/0/273e98b9b9b87bbca48034028bb59a50.mp3?hdnea=exp=1745959532~acl=/api/1/1/2/7/3/0/273e98b9b9b87bbca48034028bb59a50.mp3*~data=user_id=0,application_id=42~hmac=b7e258722cbe0252f4783bc97795934a732862d051c9b0b3e7b64973437b6057"
turkey,alt rock,kapkaç,maNga,8.8,https://cdn-images.dzcdn.net/images/cover/4e1d47cf51bb4636b07bd7c55245f58d/250x250-000000-80-0-0.jpg,"https://cdnt-preview.dzcdn.net/api/1/1/2/d/8/0/2d811d4a8c9db39447177f42c0d4d2df.mp3?hdnea=exp=1745959532~acl=/api/1/1/2/d/8/0/2d811d4a8c9db39447177f42c0d4d2df.mp3*~data=user_id=0,application_id=42~hmac=037ae80ff49a9efab41e0d326bba6463a16a2c990ac0bf32b5605ad5946c1107"
turkey,alt rock,dünyanın sonuna doğmuşum,maNga,7.7,https://cdn-images.dzcdn.net/images/cover/1067edb74738c04ffbccb45caec65eb7/250x250-000000-80-0-0.jpg,"https://cdnt-preview.dzcdn.net/api/1/1/1/9/f/0/19f13d88ca05359fc8cc120622fe126b.mp3?hdnea=exp=1745959532~acl=/api/1/1/1/9/f/0/19f13d88ca05359fc8cc120622fe126b.mp3*~data=user_id=0,application_id=42~hmac=29a2f046fac4a66c3090cd5fb3acd614c64e09a756825a4ff65b9a1a47b2c5c3"
turkey,alt rock,cambaz,mor ve ötesi,8.7,https://cdn-images.dzcdn.net/images/cover/ce3df29b1b2fc81961722e5ef07f3d6c/250x250-000000-80-0-0.jpg,"https://cdnt-preview.dzcdn.net/api/1/1/d/f/0/0/df0853da7e3ccdc6a33d4f0d405aab47.mp3?hdnea=exp=1745959532~acl=/api/1/1/d/f/0/0/df0853da7e3ccdc6a33d4f0d405aab47.mp3*~data=user_id=0,application_id=42~hmac=b9070df7d57a2d27dee7e5bb6eb11f4f26c8c04af2aecc0d413825cfe0b1a30d"
ukraine,indie rock,Я кусаю щоки,the unsleeping,8.0,https://cdn-images.dzcdn.net/images/cover/5913adc272c95159d363b333155a634b/250x250-000000-80-0-0.jpg,"https://cdnt-preview.dzcdn.net/api/1/1/c/d/6/0/cd6d42d3d9f099d891b61231519bf4b6.mp3?hdnea=exp=1745959532~acl=/api/1/1/c/d/6/0/cd6d42d3d9f099d891b61231519bf4b6.mp3*~data=user_id=0,application_id=42~hmac=29f0d56be899d0958906f8b4cb6c753dbc323f5e96994e13d716f945408153f8"
ukraine,indie rock,Не Сплю,the unsleeping,7.8,https://cdn-images.dzcdn.net/images/cover/b0984fdde1e36cf2e393edc9b161db10/250x250-000000-80-0-0.jpg,"https://cdnt-preview.dzcdn.net/api/1/1/d/3/7/0/d37f3895b6564dde5dc1fd5f5655a096.mp3?hdnea=exp=1745959532~acl=/api/1/1/d/3/7/0/d37f3895b6564dde5dc1fd5f5655a096.mp3*~data=user_id=0,application_id=42~hmac=f087135ef4530ee80bd09a16697e1f8dd14442cd4e2999e28c73d5c6d35e1d6d"
United States of America,folk rock,soft stud,black belt eagle scout,7.5,https://cdn-images.dzcdn.net/images/cover/51c54c9548cbd7bfee3113aef264ff3a/250x250-000000-80-0-0.jpg,"https://cdnt-preview.dzcdn.net/api/1/1/2/c/7/0/2c7d1f3a4922a785617c60385e5e5b7f.mp3?hdnea=exp=1745959533~acl=/api/1/1/2/c/7/0/2c7d1f3a4922a785617c60385e5e5b7f.mp3*~data=user_id=0,application_id=42~hmac=48780f7bf918a941d640b3f7047f8088cbe384ceb6607195f1c627772c941a29"
uruguay,rock,upside down,astroboy,7.5,https://cdn-images.dzcdn.net/images/cover/45eeeb0df673952ac5605271f71c6cea/250x250-000000-80-0-0.jpg,"https://cdnt-preview.dzcdn.net/api/1/1/0/c/a/0/0cae797b075741c8a1ce1c18140150e4.mp3?hdnea=exp=1745959533~acl=/api/1/1/0/c/a/0/0cae797b075741c8a1ce1c18140150e4.mp3*~data=user_id=0,application_id=42~hmac=9a9448ed66a222af17c32aee50e617ec3b464d8362ee5500167c0bfb3ab8ed30"
uruguay,rock,al vacio,no te va gustar,8.0,https://cdn-images.dzcdn.net/images/cover/0d14f6b96136cafd05bbcbf39553bc76/250x250-000000-80-0-0.jpg,"https://cdnt-preview.dzcdn.net/api/1/1/0/b/6/0/0b6d3b05f6cfa9c0034e7c86107df78a.mp3?hdnea=exp=1745959533~acl=/api/1/1/0/b/6/0/0b6d3b05f6cfa9c0034e7c86107df78a.mp3*~data=user_id=0,application_id=42~hmac=a6fea4201a589819ba9a4786672b9d39c2fcb59e1337eef993c4d79071cda3be"
uzbekistan,indie rock,Нам не нужны друзья,wladek sheen,7.0,https://cdn-images.dzcdn.net/images/cover/96a237cec8ed2744bceaeb8debd364e0/250x250-000000-80-0-0.jpg,"https://cdnt-preview.dzcdn.net/api/1/1/4/3/5/0/4351f909ee9a3fa164778978b57d4908.mp3?hdnea=exp=1745959533~acl=/api/1/1/4/3/5/0/4351f909ee9a3fa164778978b57d4908.mp3*~data=user_id=0,application_id=42~hmac=f6eb4db34fa865ce55683dc8e66a55593015ba453af2061cbd62fe6498150e9c"
venezuela,sifri rock,retroceder,los mesoneros,6.5,https://cdn-images.dzcdn.net/images/cover/c534ad964b9be6cbf5de82f80ba3df97/250x250-000000-80-0-0.jpg,"https://cdnt-preview.dzcdn.net/api/1/1/8/e/7/0/8e76703f31ade30dce677ce9232853ab.mp3?hdnea=exp=1745959533~acl=/api/1/1/8/e/7/0/8e76703f31ade30dce677ce9232853ab.mp3*~data=user_id=0,application_id=42~hmac=1f5282029bccdaefd9ffb78e49666bf0b0a279ad862e6f6285d7186378f26bfb"
vietnam,indie rock,hay la,"tora drums, hoanghieu, drumc",8.5,,
vietnam,indie rock,nho em,do it dad,9.0,https://cdn-images.dzcdn.net/images/cover/b6fdcc5de21bfdb9cd06bf9aac53589b/250x250-000000-80-0-0.jpg,"https://cdnt-preview.dzcdn.net/api/1/1/7/e/5/0/7e57e7067d1da49c9302da426584c3be.mp3?hdnea=exp=1745959533~acl=/api/1/1/7/e/5/0/7e57e7067d1da49c9302da426584c3be.mp3*~data=user_id=0,application_id=42~hmac=c72e1211fcdabc9b0f10007aaa7e896751c341c9664353dac0a04ee950683174"
zimbabwe,rock,place called home,evicted,7.0,https://cdn-images.dzcdn.net/images/cover/0c1a5a7e62a13997b4558606f2b2068d/250x250-000000-80-0-0.jpg,"https://cdnt-preview.dzcdn.net/api/1/1/d/9/d/0/d9d8e7c01b6b582bd12bdb017c7aca8d.mp3?hdnea=exp=1745959533~acl=/api/1/1/d/9/d/0/d9d8e7c01b6b582bd12bdb017c7aca8d.mp3*~data=user_id=0,application_id=42~hmac=589490848350e89efec3dd7ed1e7cd46714c0127337c5f8a53235b3f083a7213"
