country,genre,song name,artist,rating,album_url,track_id
antarctica,indie rock,how many people,nunatuk,6.5,,
argentina,indie rock,ratas,homogenica,7.0,https://cdn-images.dzcdn.net/images/cover/8a2531ad9ef62dff7d94a5970e235498/250x250-000000-80-0-0.jpg,2670586682
argentina,indie rock,turista,homogenica,8.0,https://cdn-images.dzcdn.net/images/cover/3bcea1fe7b55a09387407d8e896bde4c/250x250-000000-80-0-0.jpg,2601476622
argentina,indie rock,animales,homogenica,8.0,https://cdn-images.dzcdn.net/images/cover/8a2531ad9ef62dff7d94a5970e235498/250x250-000000-80-0-0.jpg,2670586672
argentina,indie rock,bichos,homogenica,8.5,https://cdn-images.dzcdn.net/images/cover/8a2531ad9ef62dff7d94a5970e235498/250x250-000000-80-0-0.jpg,2670586662
argentina,indie rock,somniferos,no te me enojes,7.5,https://cdn-images.dzcdn.net/images/cover/2c598760d3613856b12043c980ba8609/250x250-000000-80-0-0.jpg,3287251911
argentina,indie rock,paraisos mentales,marchitorial,7.5,https://cdn-images.dzcdn.net/images/cover/9ca7145143647548903c21fa29f113a2/250x250-000000-80-0-0.jpg,2821074652
armenia,rock,the noise is a scream,clocker,6.0,https://cdn-images.dzcdn.net/images/cover/94302d493af6bef3cc053b221711ad95/250x250-000000-80-0-0.jpg,417835702
aruba,indie rock,stomp,the revoir,8.5,https://cdn-images.dzcdn.net/images/cover/146c97d3990def991dddc21cc1ec5220/250x250-000000-80-0-0.jpg,2422836295
australia,indie rock,zoom,last dinosaurs,10.0,https://cdn-images.dzcdn.net/images/cover/1e500063a8979afefaba123b68ad4b42/250x250-000000-80-0-0.jpg,16578033
australia,indie rock,weekend,last dinosaurs,8.0,https://cdn-images.dzcdn.net/images/cover/0db921b8931929b543abc6cdc92e02c2/250x250-000000-80-0-0.jpg,2083566417
austria,experimental rock,acting moderate,killed by 9v batteries,9.0,https://cdn-images.dzcdn.net/images/cover/2a537a3534339370da26a66122701a24/250x250-000000-80-0-0.jpg,1779933577
bangladesh,alternative,sheishob din raatri,karnival,8.5,https://cdn-images.dzcdn.net/images/cover/87889d3931b63406d88b322b4cb05e4c/250x250-000000-80-0-0.jpg,947464842
belarus,alt rock,Дажджамі,Бяз Назвы ,7.5,,
belgium,shoegaze,glow,slow crush,8.0,https://cdn-images.dzcdn.net/images/cover/2137f965afecc021bc5e5ed769b82380/250x250-000000-80-0-0.jpg,1082550292
bolivia,rock,histeria,llegas,7.0,,
botswana,noise rock,shooters,internet key,9.0,,
botswana,noise rock,bathroom wall,internet key,8.0,,
botswana,noise rock,i could cut out my veins,internet key,8.8,https://cdn-images.dzcdn.net/images/cover/06f64fd56cd5db149aa7f235992ee905/250x250-000000-80-0-0.jpg,2822720672
brazil,punk,empina o fuzil // power trip,isotopxs,8.0,https://cdn-images.dzcdn.net/images/cover/6e7f2367078f92f4f4a369420b49cc0b/250x250-000000-80-0-0.jpg,2724464472
brazil,indie/garage rock,fotos de uma arvore que nao parace bem,micondria,8.0,,
brazil,indie rock,i luv u franklyn,glover.,7.0,https://cdn-images.dzcdn.net/images/cover/c13f650d3e8366bba50ec8a2cbae2c51/250x250-000000-80-0-0.jpg,1534416762
brazil,experimental rock,playboy,pusher174,7.0,https://cdn-images.dzcdn.net/images/cover/9f5e0414ed2b88a8e5237ae091b76462/250x250-000000-80-0-0.jpg,2830848992
brazil,shoegaze,de areia e sal,sonhos tomam conta,6.0,https://cdn-images.dzcdn.net/images/cover/4db3fcc0e3a63758ce418443061a30f7/250x250-000000-80-0-0.jpg,2715134502
brazil,shoegaze,hear a whisper,"terraplana, winter",8.0,https://cdn-images.dzcdn.net/images/cover/a35ba72c2ff1ff70f8a7a1330e5217b2/250x250-000000-80-0-0.jpg,3190780191
brazil,indie rock,germaboys | a crise do prensado,quem e voce alice,8.0,https://cdn-images.dzcdn.net/images/cover/00efd572fdd1a338ecce31aaeb0aca70/250x250-000000-80-0-0.jpg,2535852651
brunei,indie rock,i don't want to go home,guerilla orchestra,7.0,https://cdn-images.dzcdn.net/images/cover/4a35037c42f57a1de58321df1b042aee/250x250-000000-80-0-0.jpg,2287278497
bulgaria,alt rock,do mene e mayka ti,TDK,7.5,https://cdn-images.dzcdn.net/images/cover/441c368c90e7f69fca6b39fe9766c6c3/250x250-000000-80-0-0.jpg,3188501761
cambodia,folk rock,black hair,kampot playboys,7.0,https://cdn-images.dzcdn.net/images/cover/5a60e7c46652c2ae6c6d342cfe5d0d70/250x250-000000-80-0-0.jpg,508332202
canada,alt rock,le metronome,malajube,10.0,https://cdn-images.dzcdn.net/images/cover/fe68f84330e325d3baa912726414972e/250x250-000000-80-0-0.jpg,65802926
canada,indie rock,annie (pourquoi t'es partie?),babylones,8.0,https://cdn-images.dzcdn.net/images/cover/7903e432cffb023f98efd8f1bc37c4f0/250x250-000000-80-0-0.jpg,1409430952
canada,indie rock,glu (coule sur moi),zen bamboo,9.7,https://cdn-images.dzcdn.net/images/cover/50516c98f42c43dd260cbdb2df925ef4/250x250-000000-80-0-0.jpg,1036938222
canada,alt rock,montreal -40,malajube,9.5,https://cdn-images.dzcdn.net/images/cover/b181d6b08412d1a1bc99e4cac1b65e96/250x250-000000-80-0-0.jpg,65802831
canada,alt rock,ah ouin,chocolat,7.0,https://cdn-images.dzcdn.net/images/cover/96b7a0f69af870daf2dbdb3f7b300c54/250x250-000000-80-0-0.jpg,1343247212
canada,alt rock,pate filo,malajube,8.0,https://cdn-images.dzcdn.net/images/cover/b181d6b08412d1a1bc99e4cac1b65e96/250x250-000000-80-0-0.jpg,65802832
canada,experimental rock,fleur de londres,violett pi,7.0,https://cdn-images.dzcdn.net/images/cover/491285900cebeed38ff551a3b1b3752d/250x250-000000-80-0-0.jpg,1409606112
canada,alt rock,la monogamie,malajube,8.0,https://cdn-images.dzcdn.net/images/cover/b181d6b08412d1a1bc99e4cac1b65e96/250x250-000000-80-0-0.jpg,65802834
cabo verde,indie rock,sinti alive,krad,6.9,https://cdn-images.dzcdn.net/images/cover/213657fd4f02d3a0319fe5c42e17c9c5/250x250-000000-80-0-0.jpg,1134085402
chile,math rock,resonancias,herbario,7.0,https://cdn-images.dzcdn.net/images/cover/5075d8de02822b530688e3b0627f852f/250x250-000000-80-0-0.jpg,1284736202
chile,rock,el viaje,coni lewin,7.5,https://cdn-images.dzcdn.net/images/cover/01a95bcae6bf14e5366c328eb3cee6df/250x250-000000-80-0-0.jpg,361068871
china,noise rock,disco,riot in school,8.0,,
china,alternative,光,arches,7.0,,
china,shoegaze,i just want 2 hear your voice...,strawberry lust,7.0,https://cdn-images.dzcdn.net/images/cover/54285ed278079fc3f9ec36d98560a946/250x250-000000-80-0-0.jpg,3155660381
colombia,emo,become,the hall effect,7.0,https://cdn-images.dzcdn.net/images/cover/ee9cdfc3b14ed0ff449dc36452af9344/250x250-000000-80-0-0.jpg,1714307417
costa rica,shoegaze,cuarto rosa,sway,7.0,https://cdn-images.dzcdn.net/images/cover/d04fb2841f11324620fdacf822350d05/250x250-000000-80-0-0.jpg,427673392
croatia,psychedelic rock,meke ruke,cuvarkuca,7.0,https://cdn-images.dzcdn.net/images/cover/59c2196864f3e1daf56920281b97add6/250x250-000000-80-0-0.jpg,2030276547
czechia,experimental rock,sign n spell,here,7.0,https://cdn-images.dzcdn.net/images/cover/b82b7615d3eeb998417ffa12489d94b3/250x250-000000-80-0-0.jpg,61261440
cuba,shoegaze,no te veo,land whales,8.7,https://cdn-images.dzcdn.net/images/cover/1e424e53d1b4f9e808a0ebba4ae7a1e7/250x250-000000-80-0-0.jpg,2097286837
denmark,alt rock,fencesitters,inventory,7.0,https://cdn-images.dzcdn.net/images/cover/5a6cf42002c8e92c0ad10c5f8f1d62e9/250x250-000000-80-0-0.jpg,3116768341
united kingdom,indie rock,prunus,new luna,7.5,https://cdn-images.dzcdn.net/images/cover/22d1d4029aa570599b2f90979ec79c29/250x250-000000-80-0-0.jpg,954709762
ecuador,alt rock,sindrome de uppsala,biorn borg,8.0,https://cdn-images.dzcdn.net/images/cover/067ff5688ef4989b36cdc7fc94c6d9d1/250x250-000000-80-0-0.jpg,67268320
england,shoegaze,prunus,new luna,8.8,https://cdn-images.dzcdn.net/images/cover/22d1d4029aa570599b2f90979ec79c29/250x250-000000-80-0-0.jpg,954709762
egypt,alt rock,segn bel alwan,"ramy essam, malikah",8.0,https://cdn-images.dzcdn.net/images/cover/4fc5f48f3cd93b272b9ee5312301d342/250x250-000000-80-0-0.jpg,373970011
el salvador,indie rock,color,inflorescencia,6.7,https://cdn-images.dzcdn.net/images/cover/2b77d92eaa26f93b2c2b2f6dc64331e5/250x250-000000-80-0-0.jpg,2666028002
faroe islands,alt rock,indigo brow,clickhaze,10.0,https://cdn-images.dzcdn.net/images/cover/31cefc3cc06174bf0b056b43d88c12aa/250x250-000000-80-0-0.jpg,67882961
finland,symphonic metal,amaranth,nightwish,7.0,https://cdn-images.dzcdn.net/images/cover/bcdca911c84035682102db1f3516c47d/250x250-000000-80-0-0.jpg,668795722
france,indie rock,lasso,phoenix,7.0,https://cdn-images.dzcdn.net/images/cover/c3bb90a6b2f333c1510a876236bacf0c/250x250-000000-80-0-0.jpg,3026048771
france,rock,reggie lewis,sport,6.0,https://cdn-images.dzcdn.net/images/cover/1f41ce0dbdf9fc24b51abcd67b696a30/250x250-000000-80-0-0.jpg,691290242
france,indie rock,armistice,phoenix,8.0,https://cdn-images.dzcdn.net/images/cover/c3bb90a6b2f333c1510a876236bacf0c/250x250-000000-80-0-0.jpg,3026048811
france,electronic,safety crash,tapeworms,8.0,https://cdn-images.dzcdn.net/images/cover/33370762e05c1b2479e522c182cef46d/250x250-000000-80-0-0.jpg,1020721492
germany,alternative,pausenlied,125 rue montmartre,9.0,https://cdn-images.dzcdn.net/images/cover/6d750063ca2a2d7af9b098256f40ed17/250x250-000000-80-0-0.jpg,1905489397
germany,indie rock,nacht,betterov,7.0,https://cdn-images.dzcdn.net/images/cover/c0e94489a4429dd29e89dbc30547e829/250x250-000000-80-0-0.jpg,903772342
germany,alternative,disco hijack,125 rue montmartre,8.5,https://cdn-images.dzcdn.net/images/cover/6d750063ca2a2d7af9b098256f40ed17/250x250-000000-80-0-0.jpg,1905489447
germany,indie rock,angst,betterov,7.5,https://cdn-images.dzcdn.net/images/cover/c0e94489a4429dd29e89dbc30547e829/250x250-000000-80-0-0.jpg,903772302
germany,alternative,revolter,125 rue montmartre,8.0,https://cdn-images.dzcdn.net/images/cover/6d750063ca2a2d7af9b098256f40ed17/250x250-000000-80-0-0.jpg,1905489457
germany,alternative,gegenstück,monochrome,8.8,https://cdn-images.dzcdn.net/images/cover/adddc14ce35b6b7ec5ced58e8bcfffbf/250x250-000000-80-0-0.jpg,3184565431
germany,alternative,hands and arrows,sometree,8.5,https://cdn-images.dzcdn.net/images/cover/056942086d3ac772eee6ecec3adfaa53/250x250-000000-80-0-0.jpg,3971568
ghana,rock,try,dark suburb,6.0,https://cdn-images.dzcdn.net/images/cover/8d0e27499dc1cd7991ae2852d56106a9/250x250-000000-80-0-0.jpg,1667735762
greece,pop rock (?) ,the big deal,tripwire,7.0,,
greenland,folk rock,inuinnaagavit,nanook,7.0,https://cdn-images.dzcdn.net/images/cover/e7618620ae59c53af6f01393550f3fb4/250x250-000000-80-0-0.jpg,858567942
guam,noise rock,words cannot express,matala,7.0,https://cdn-images.dzcdn.net/images/cover/0ca1c6b7e1455181a0687eca6ef3f25e/250x250-000000-80-0-0.jpg,74172046
guatemala,indie rock,guatemala esta muerta,volver,7.5,https://cdn-images.dzcdn.net/images/cover/92a73c51b9793f95f6644336990e491b/250x250-000000-80-0-0.jpg,77687534
hungary,alt rock,ha az eletben,kispal es a borz,7.6,https://cdn-images.dzcdn.net/images/cover/ba5d1b0c478ea132faddc3b9c5e48f89/250x250-000000-80-0-0.jpg,76791380
hungary,indie rock,daddy said no,carson coma,7.5,https://cdn-images.dzcdn.net/images/cover/c53d8806f47a04abc4dd1a58324741f1/250x250-000000-80-0-0.jpg,3247840041
iceland,alt rock,fardu i roo,botnledja,7.5,,
india,indie rock,wknd frnds,the f16s,7.0,https://cdn-images.dzcdn.net/images/cover/b625dd519183b0dc4463319d09bcb34c/250x250-000000-80-0-0.jpg,644623482
india,alt rock,the bridge between us,pacifist,6.5,https://cdn-images.dzcdn.net/images/cover/98a727527e78e7e3ba915f286f32d0e7/250x250-000000-80-0-0.jpg,2419987285
indonesia,indie rock,checks and calls,liar's wife,8.0,,
indonesia,indie rock,confused,sunwich,7.0,https://cdn-images.dzcdn.net/images/cover/1fc06a4dcbde413d75d85fd2ba3c488b/250x250-000000-80-0-0.jpg,1599412222
iran,alt rock,saghi,o-hum,7.5,https://cdn-images.dzcdn.net/images/cover/3064be9331479f85ba33f1671ef98bae/250x250-000000-80-0-0.jpg,109988266
ireland,alt rock,boys in the better land,fontaines d.c,8.0,https://cdn-images.dzcdn.net/images/cover/0aee87fc3b0751dc67a1a3cb402ad80a/250x250-000000-80-0-0.jpg,731723442
italy,alt rock,come dovrei oppormi,bymyside,10.0,https://cdn-images.dzcdn.net/images/cover/b87cb7f8dbd60d7d272ca8068d03fe64/250x250-000000-80-0-0.jpg,1155853332
jamaica,alternative,vex,"dxrkknght, indie anthony",7.5,https://cdn-images.dzcdn.net/images/cover/ac55760c6be0457f51ec0883f4765d6f/250x250-000000-80-0-0.jpg,2487810191
japan,midwest emo / alt rock,phony,by the end of the summer,9.0,https://cdn-images.dzcdn.net/images/cover/469b768cb6878d37a797edc57cffab80/250x250-000000-80-0-0.jpg,2258807337
japan,indie rock,glass marbles,susquatch,9.0,https://cdn-images.dzcdn.net/images/cover/a2bda69c55e4c9ddbb6fee83c7761b10/250x250-000000-80-0-0.jpg,1880645647
japan,indie rock,pretty old man,no buses,9.0,https://cdn-images.dzcdn.net/images/cover/4512231fb3261a3d043b9c987e443114/250x250-000000-80-0-0.jpg,665642442
japan,indie rock,untouchable you,no buses,9.0,https://cdn-images.dzcdn.net/images/cover/0a59c2be82f451177c5e1f62be7ab951/250x250-000000-80-0-0.jpg,748776172
japan,indie rock,schrodinger's cat,brian the sun,9.0,,
japan,indie rock,心の実,indigo la end,9.5,,
japan,indie rock,girl,no buses,9.5,https://cdn-images.dzcdn.net/images/cover/1c1760ca5ca2e9cb71b00697aa65810d/250x250-000000-80-0-0.jpg,601672582
japan,indie rock,with or without it,no buses,9.5,https://cdn-images.dzcdn.net/images/cover/1399c43f914bd441205a507086e119b1/250x250-000000-80-0-0.jpg,680880812
japan,shoegaze,night is young,yuragi,9.0,,
japan,alt rock,てふてふ,plastic tree,9.0,https://cdn-images.dzcdn.net/images/cover/755b79e17f6fb1b098dd8b1a95fb7aed/250x250-000000-80-0-0.jpg,2119165687
japan,indie rock,hyperventilation,radwimps,8.5,https://cdn-images.dzcdn.net/images/cover/9f0d97f596fcf438b190f129e8d2a166/250x250-000000-80-0-0.jpg,461684382
jordan,indie rock,khatem,akher zapheer,7.0,https://cdn-images.dzcdn.net/images/cover/7bed07c70b9a03d8e043b305abc05b24/250x250-000000-80-0-0.jpg,1781142597
kazakhstan,indie rock,sadness,secret radio,6.5,https://cdn-images.dzcdn.net/images/cover/64b4b68c7883ed0f10f2ed4b0fe13c14/250x250-000000-80-0-0.jpg,2371260265
kazakhstan,indie rock,kokke,far in gate,6.7,https://cdn-images.dzcdn.net/images/cover/1c776ada3d6d9b2c489d45679d1bd4b3/250x250-000000-80-0-0.jpg,659795112
kenya,indie rock,leopold,crystal axis,6.0,https://cdn-images.dzcdn.net/images/cover/53bee74acfeaadc56614f192b08d99c0/250x250-000000-80-0-0.jpg,553872662
kenya,rock,nitachange,"rash band, ruff",5.0,https://cdn-images.dzcdn.net/images/cover/f8b9811c045c8be242874169d49272a8/250x250-000000-80-0-0.jpg,740010492
kyrgyzstan,pop rock (?) ,Город-точка,Город 312,7.0,,
latvia,experimental rock,pulkstens,mazi smirdigie kocini,7.0,,
latvia,alt rock,fabrikas meitenes dziesma,zidruns,5.0,https://cdn-images.dzcdn.net/images/cover/dda718ae370e4c088b8dc13638e6ce55/250x250-000000-80-0-0.jpg,942980212
latvia,dream pop,i want you,tribes of the city,7.0,https://cdn-images.dzcdn.net/images/cover/8edd05b2a647a3c57370851909b3b08a/250x250-000000-80-0-0.jpg,779976572
lebanon,shoegaze,feel better,bliss,7.0,https://cdn-images.dzcdn.net/images/cover/776e0d66765700fa654353c6eaba797a/250x250-000000-80-0-0.jpg,2700321072
luxembourg,alt rock,6th of august,holy national victims,6.5,https://cdn-images.dzcdn.net/images/cover/f8411efac0787e1584a5a432a302b0f2/250x250-000000-80-0-0.jpg,1678163
malaysia,alt rock,bintang,statik,8.9,https://cdn-images.dzcdn.net/images/cover/d77b25b6f5bdfbd4298fb77ef1fb8e05/250x250-000000-80-0-0.jpg,531674581
malaysia,alt rock,gelap,statik,8.5,https://cdn-images.dzcdn.net/images/cover/d77b25b6f5bdfbd4298fb77ef1fb8e05/250x250-000000-80-0-0.jpg,531674591
malaysia,alt rock,dia,statik,7.0,,
malta,prog rock,bloodstream waterfall cannonball,eyes to argus,7.0,https://cdn-images.dzcdn.net/images/cover/89012d82be2a8e22fcda7d3d4267d29c/250x250-000000-80-0-0.jpg,2829256062
mexico,indie rock,quizas no llames despues,"gusstav, joan page",7.5,https://cdn-images.dzcdn.net/images/cover/8daca3ba8987a896735735057921b699/250x250-000000-80-0-0.jpg,2319942185
spain,alt rock,ya no hay verano,depresion sonora,6.5,https://cdn-images.dzcdn.net/images/cover/36ad07d13305a1189818606e3f05fb61/250x250-000000-80-0-0.jpg,955159532
mexico,alt rock,miente,bengala,6.5,https://cdn-images.dzcdn.net/images/cover/c02ac89a49266dc98d2f0379d20b5587/250x250-000000-80-0-0.jpg,15508208
mexico,alt rock,eres,cafe tacvba,9.0,https://cdn-images.dzcdn.net/images/cover/8eb8bc937dc6c9a626c78cc6b4951988/250x250-000000-80-0-0.jpg,2250256
moldova,metal,la ciocana,gandul matei,7.0,https://cdn-images.dzcdn.net/images/cover/ad8c41f61ceb33d47280f24a59d71758/250x250-000000-80-0-0.jpg,988660042
moldova,rock,cocori,alternosfera,7.5,https://cdn-images.dzcdn.net/images/cover/c36bc8ac3e1a3737668ca95d1064a330/250x250-000000-80-0-0.jpg,104745904
mongolia,rock,tuurugdul,orshihui,7.0,https://cdn-images.dzcdn.net/images/cover/a8642f55b0b5d88005e5739c196185d0/250x250-000000-80-0-0.jpg,113026980
morocco,punk,aisha qandisha,taqbir,7.0,https://cdn-images.dzcdn.net/images/cover/e3f4a1d64ac63267965f262ca4264954/250x250-000000-80-0-0.jpg,1234084492
morocco,punk,sma3,taqbir,8.0,https://cdn-images.dzcdn.net/images/cover/e3f4a1d64ac63267965f262ca4264954/250x250-000000-80-0-0.jpg,1234084482
myanmar,rock,chan khae,idiots,9.5,https://cdn-images.dzcdn.net/images/cover/eafeb788d09970b5f2e9114feaf275a0/250x250-000000-80-0-0.jpg,1623805552
myanmar,rock,a date pal,idiots,8.0,https://cdn-images.dzcdn.net/images/cover/eafeb788d09970b5f2e9114feaf275a0/250x250-000000-80-0-0.jpg,1623805622
myanmar,rock,htet ma pay nae tot,idiots,8.7,https://cdn-images.dzcdn.net/images/cover/9e0b88a3883e7dd346984083ae0e5611/250x250-000000-80-0-0.jpg,2432609835
namibia,garage rock,over this,penilane,7.0,https://cdn-images.dzcdn.net/images/cover/2580b3d175ffb5b33942d2c1ecec0cef/250x250-000000-80-0-0.jpg,510291442
netherlands,rock,summerdaze,daryll-ann,7.8,https://cdn-images.dzcdn.net/images/cover/e8d0a36301258a66a2fa499343687857/250x250-000000-80-0-0.jpg,998577302
netherlands,indie rock,misery galore,bettie serveert,9.0,,
netherlands,indie rock,fallen foster,bettie serveert,9.5,https://cdn-images.dzcdn.net/images/cover/de23af743c4fd64d1584417e99991e41/250x250-000000-80-0-0.jpg,3101649
netherlands,indie rock,rudder,bettie serveert,9.0,https://cdn-images.dzcdn.net/images/cover/de23af743c4fd64d1584417e99991e41/250x250-000000-80-0-0.jpg,3101647
netherlands,indie rock,geek,bettie serveert,8.6,,
new zealand,indie rock,all i need,bleeding star,8.0,https://cdn-images.dzcdn.net/images/cover/c5e7ae0a62b1988d830cda7960b69d5a/250x250-000000-80-0-0.jpg,2233877027
north macedonia,alt rock,peski nakaj doma,Дивоградба (divogradka),9.0,,
nigeria,rock,amin,clayrocksu,6.7,https://cdn-images.dzcdn.net/images/cover/166fb684b56c419124784f96a8a8f8aa/250x250-000000-80-0-0.jpg,1622206342
nigeria,rock,oge,clayrocksu,7.0,https://cdn-images.dzcdn.net/images/cover/d4c227014d5a15fa090d2f149a660e6f/250x250-000000-80-0-0.jpg,2782196582
norway,indie rock,pie in the sky,drape,7.5,https://cdn-images.dzcdn.net/images/cover/a10643d6abac194b1e57c023abf83d8a/250x250-000000-80-0-0.jpg,104864470
pakistan,shoegaze,children,//orangenoise,8.8,https://cdn-images.dzcdn.net/images/cover/2c289622265f01582e6807a6224d5ecf/250x250-000000-80-0-0.jpg,1678739837
paraguay,shoegaze,erratico,rosefield,7.0,https://cdn-images.dzcdn.net/images/cover/8f059980c5f1b83a21f50d3dd233539e/250x250-000000-80-0-0.jpg,3186925621
peru,alt rock,temor (olivo),claustrofobicos,7.0,https://cdn-images.dzcdn.net/images/cover/bb30def22768734bdac138668fb4d8f5/250x250-000000-80-0-0.jpg,2731751841
peru,math rock,satisfuckcion,procrastinacion 1 yo 0,7.0,https://cdn-images.dzcdn.net/images/cover/8f134d3af1d1ab42b389c29b078b8c4b/250x250-000000-80-0-0.jpg,140772211
peru,math rock,dos,procrastinacion 1 yo 0,7.0,https://cdn-images.dzcdn.net/images/cover/8f134d3af1d1ab42b389c29b078b8c4b/250x250-000000-80-0-0.jpg,140772201
philippines,indie rock,the chase,as silent as the forest,8.3,https://cdn-images.dzcdn.net/images/cover/717b16efdcbe859567fe39ab8e423b45/250x250-000000-80-0-0.jpg,2747080911
poland,alt rock,to nie byw film,myslovitz,7.5,https://cdn-images.dzcdn.net/images/cover/7317097ccab3e4f4c4c2385292d805f5/250x250-000000-80-0-0.jpg,950273242
portugal,indie rock,o vento,los hermanos,8.0,https://cdn-images.dzcdn.net/images/cover/23d3be92940f73ffa1e889d919a0fb19/250x250-000000-80-0-0.jpg,13309062
portugal,dark wave rock,pale,aenima,8.0,https://cdn-images.dzcdn.net/images/cover/8606263153a95df9830c52774a5b07d7/250x250-000000-80-0-0.jpg,65040530
russia,alt rock,untitled,franco,8.3,https://cdn-images.dzcdn.net/images/cover/dcbc4fb1a6a76ad0d586a7b8971ac70f/250x250-000000-80-0-0.jpg,1775572877
russia,math rock,Погребок ,franco,8.3,https://cdn-images.dzcdn.net/images/cover/e125ac1e773f4c73d9680f7c7b79a637/250x250-000000-80-0-0.jpg,3055312421
saudi arabia,alt rock,mouj al bahar,seera,7.0,https://cdn-images.dzcdn.net/images/cover/dfb03eb3e0aa52c046376bfe13e625b4/250x250-000000-80-0-0.jpg,3108613121
united kingdom,shoegaze,bliss,dallas love field,8.8,https://cdn-images.dzcdn.net/images/cover/a69a22becc918d0aac356f7fc9969e24/250x250-000000-80-0-0.jpg,3237548101
republic of serbia,indie rock,svet se menja,proto tip,6.0,https://cdn-images.dzcdn.net/images/cover/4707452cd5ded41525eea6a9af55276b/250x250-000000-80-0-0.jpg,2143455427
slovakia,indie rock,smazka,pipesh,7.7,https://cdn-images.dzcdn.net/images/cover/b68e5ead1afaed86b3f986689f6790aa/250x250-000000-80-0-0.jpg,2869015032
slovenia,indie rock,umazane misli,joker out,7.5,https://cdn-images.dzcdn.net/images/cover/0378ac17740425b44d92c4991afb7b2c/250x250-000000-80-0-0.jpg,2563084002
slovenia,indie rock,omni,before time,7.0,https://cdn-images.dzcdn.net/images/cover/8cb2ee24a4d4f2d5780b5ea3f54b83b8/250x250-000000-80-0-0.jpg,2056584027
spain,alt rock,truce,belako,8.9,https://cdn-images.dzcdn.net/images/cover/62eb766bf077e5d6c1a33c80fd74642a/250x250-000000-80-0-0.jpg,1060903112
spain,alt rock,saguzarren kanta,belako,8.9,https://cdn-images.dzcdn.net/images/cover/28dcc309b124836974da98bbe2a2311d/250x250-000000-80-0-0.jpg,2393892985
singapore,indie rock,jazz ruined my life,forests,9.5,https://cdn-images.dzcdn.net/images/cover/fab46b37dee0cf62b9fb1cf7d95af39d/250x250-000000-80-0-0.jpg,1733965587
singapore,indie rock,fool of hell,forests,8.0,https://cdn-images.dzcdn.net/images/cover/fab46b37dee0cf62b9fb1cf7d95af39d/250x250-000000-80-0-0.jpg,1733965537
singapore,indie rock,come clean,blush,8.5,https://cdn-images.dzcdn.net/images/cover/3e57d8c6f55990e5efdc89f410f7f851/250x250-000000-80-0-0.jpg,1558225822
singapore,midwest emo  ,fruitcake ,subsonic eye,9.0,https://cdn-images.dzcdn.net/images/cover/6d7e3c5b11df110dc26b09b9d76dd162/250x250-000000-80-0-0.jpg,1487375842
singapore,alternative,best friend,blush,8.8,https://cdn-images.dzcdn.net/images/cover/f204e33b0e2b1a402f54bba173943583/250x250-000000-80-0-0.jpg,1528317282
singapore,midwest emo,stranded,subsonic eye,8.6,https://cdn-images.dzcdn.net/images/cover/b1633617c858055a9de0495a85fe8c0e/250x250-000000-80-0-0.jpg,1486577392
singapore,midwest emo,cabin fever,subsonic eye,8.8,https://cdn-images.dzcdn.net/images/cover/6d7e3c5b11df110dc26b09b9d76dd162/250x250-000000-80-0-0.jpg,1487375832
south africa,pop rock (?) ,cokehead,internet girl,9.5,https://cdn-images.dzcdn.net/images/cover/3c52425635dc4b06908e8c5caa660946/250x250-000000-80-0-0.jpg,3234430191
south korea,indie rock,there there,crystal tea,8.5,https://cdn-images.dzcdn.net/images/cover/36f5ba348cc822b74c0dee063368bb82/250x250-000000-80-0-0.jpg,876461932
south korea,shoegaze,beautiful world,parannoul,9.8,https://cdn-images.dzcdn.net/images/cover/a47abbc73a5db7a2b3df94c5fc721c7b/250x250-000000-80-0-0.jpg,1345601152
sri lanka,funk,sticky like glue,the soul,8.0,https://cdn-images.dzcdn.net/images/cover/4d2124097ebbbd051d2bd31fe7c32ccd/250x250-000000-80-0-0.jpg,920032372
sweden,alt rock,om du var har,kent,10.0,https://cdn-images.dzcdn.net/images/cover/6ecf74293cd11f7bab8af2728a0d1a27/250x250-000000-80-0-0.jpg,7861124
sweden,alt rock,waterproof,minute,8.5,https://cdn-images.dzcdn.net/images/cover/c43cbae29f63cd7259788bea10671a19/250x250-000000-80-0-0.jpg,1053567882
sweden,alt rock,i wanna be your secret,minute,8.5,https://cdn-images.dzcdn.net/images/cover/681719f9842536ea2146365f38e73a6d/250x250-000000-80-0-0.jpg,1530400802
sweden,noise rock,tärd,trachimbod,10.0,https://cdn-images.dzcdn.net/images/cover/9c1a94f2861a274bc7a294fb668288cf/250x250-000000-80-0-0.jpg,349653951
sweden,alt rock,things she said,kent,10.0,https://cdn-images.dzcdn.net/images/cover/6ecf74293cd11f7bab8af2728a0d1a27/250x250-000000-80-0-0.jpg,2324046
sweden,alt rock,if you were here,kent,10.0,https://cdn-images.dzcdn.net/images/cover/6ecf74293cd11f7bab8af2728a0d1a27/250x250-000000-80-0-0.jpg,2324092
sweden,alternative,owc,kent,9.6,https://cdn-images.dzcdn.net/images/cover/6ecf74293cd11f7bab8af2728a0d1a27/250x250-000000-80-0-0.jpg,2324047
switzerland,alt rock,new in colors,favez,9.0,https://cdn-images.dzcdn.net/images/cover/494f0274bd7d1b931e98a8b7d78926ab/250x250-000000-80-0-0.jpg,1925709197
switzerland,alt rock,headed for the ocean,favez,8.8,https://cdn-images.dzcdn.net/images/cover/b30aaa30d1da34782b500ed18cf66b55/250x250-000000-80-0-0.jpg,9932525
switzerland,alt rock,chasing honesty,favez,7.0,https://cdn-images.dzcdn.net/images/cover/c53fa385da7204ee23833a2b46929a6c/250x250-000000-80-0-0.jpg,1925986887
taiwan,alt rock,爛泥,no party for cao dong,8.5,,
thailand,pop/indie rock(?),get up,kiki,7.0,https://cdn-images.dzcdn.net/images/cover/b8501252a321f23f9cfe1a5c120e70cf/250x250-000000-80-0-0.jpg,2157466407
thailand,indie rock,let me go,yonlapa,8.0,https://cdn-images.dzcdn.net/images/cover/2a3a0e5e88a6f15cb9be106472ffa85b/250x250-000000-80-0-0.jpg,2812778442
thailand,indie rock,i'm just like that,yonlapa,7.8,https://cdn-images.dzcdn.net/images/cover/19a94fdd9b175161db1dbe98b33d143b/250x250-000000-80-0-0.jpg,2700000602
tunisia,shoegaze,sleep cycle,retrieval,7.0,https://cdn-images.dzcdn.net/images/cover/cf0fb2b1da52e9e442fd993ee256f4d4/250x250-000000-80-0-0.jpg,479139422
tunisia,shoegaze,away,retrieval,7.0,https://cdn-images.dzcdn.net/images/cover/cf0fb2b1da52e9e442fd993ee256f4d4/250x250-000000-80-0-0.jpg,479139412
turkey,alt rock,bir kadın Çizeceksin,maNga,10.0,https://cdn-images.dzcdn.net/images/cover/4e1d47cf51bb4636b07bd7c55245f58d/250x250-000000-80-0-0.jpg,74585223
turkey,alt rock,kapkaç,maNga,8.8,https://cdn-images.dzcdn.net/images/cover/4e1d47cf51bb4636b07bd7c55245f58d/250x250-000000-80-0-0.jpg,74585221
turkey,alt rock,dünyanın sonuna doğmuşum,maNga,7.7,https://cdn-images.dzcdn.net/images/cover/1067edb74738c04ffbccb45caec65eb7/250x250-000000-80-0-0.jpg,4765136
turkey,alt rock,cambaz,mor ve ötesi,8.7,https://cdn-images.dzcdn.net/images/cover/ce3df29b1b2fc81961722e5ef07f3d6c/250x250-000000-80-0-0.jpg,77595995
ukraine,indie rock,Я кусаю щоки,the unsleeping,8.0,https://cdn-images.dzcdn.net/images/cover/5913adc272c95159d363b333155a634b/250x250-000000-80-0-0.jpg,3061726251
ukraine,indie rock,Не Сплю,the unsleeping,7.8,https://cdn-images.dzcdn.net/images/cover/b0984fdde1e36cf2e393edc9b161db10/250x250-000000-80-0-0.jpg,2145613617
united kingdom,rock,goleuadau llundain,daniel lloyd a mr pinc,8.0,https://cdn-images.dzcdn.net/images/cover/b6fc92c279cfa578fb931edb3396be0a/250x250-000000-80-0-0.jpg,9892328
United States of America,folk rock,soft stud,black belt eagle scout,7.5,https://cdn-images.dzcdn.net/images/cover/51c54c9548cbd7bfee3113aef264ff3a/250x250-000000-80-0-0.jpg,528871691
uruguay,rock,upside down,astroboy,7.5,https://cdn-images.dzcdn.net/images/cover/45eeeb0df673952ac5605271f71c6cea/250x250-000000-80-0-0.jpg,1428680
uruguay,rock,al vacio,no te va gustar,8.0,https://cdn-images.dzcdn.net/images/cover/0d14f6b96136cafd05bbcbf39553bc76/250x250-000000-80-0-0.jpg,11683775
uzbekistan,indie rock,Нам не нужны друзья,wladek sheen,7.0,https://cdn-images.dzcdn.net/images/cover/96a237cec8ed2744bceaeb8debd364e0/250x250-000000-80-0-0.jpg,3041412731
venezuela,sifri rock,retroceder,los mesoneros,6.5,https://cdn-images.dzcdn.net/images/cover/c534ad964b9be6cbf5de82f80ba3df97/250x250-000000-80-0-0.jpg,67562442
vietnam,indie rock,hay la,"tora drums, hoanghieu, drumc",8.5,,
vietnam,indie rock,nho em,do it dad,9.0,https://cdn-images.dzcdn.net/images/cover/b6fdcc5de21bfdb9cd06bf9aac53589b/250x250-000000-80-0-0.jpg,2933064041
zimbabwe,rock,place called home,evicted,7.0,https://cdn-images.dzcdn.net/images/cover/0c1a5a7e62a13997b4558606f2b2068d/250x250-000000-80-0-0.jpg,9658089
